,created_at,temp,hum,p25,p10
299,2019-10-24 16:01:07,28.4,90.2,1.1,1.1
899,2019-10-24 18:48:58,28.9,88.3,2.6,16.8
4377,2019-10-25 10:21:32,27.3,78.7,7.8,73.2
4378,2019-10-25 10:21:49,27.5,78.9,11.7,159.10001
4379,2019-10-25 10:22:05,27.3,78.8,10.8,121.2
4382,2019-10-25 10:22:54,27.5,78.9,16.7,234.60001
4383,2019-10-25 10:23:11,27.3,78.9,21.5,339.60001
4384,2019-10-25 10:23:27,27.4,79.7,21.8,341.20001
4385,2019-10-25 10:23:44,27.2,79.6,17.0,222.0
4387,2019-10-25 10:24:17,27.3,79.2,11.9,130.39999
4389,2019-10-25 10:24:50,27.4,79.1,11.7,122.9
4391,2019-10-25 10:25:22,27.5,78.8,11.8,121.0
4392,2019-10-25 10:25:39,27.4,78.7,12.5,123.7
4394,2019-10-25 10:26:12,27.5,78.7,11.9,132.89999
4395,2019-10-25 10:26:28,27.4,78.6,11.7,125.0
4397,2019-10-25 10:27:01,27.4,78.5,12.4,137.60001
4398,2019-10-25 10:27:18,27.4,78.5,12.6,144.0
4399,2019-10-25 10:27:34,27.4,78.4,12.3,118.0
4407,2019-10-25 10:29:46,27.6,78.5,9.6,92.6
4408,2019-10-25 10:30:03,27.5,78.4,9.4,84.5
4415,2019-10-25 10:31:59,27.2,77.9,11.8,113.2
4416,2019-10-25 10:32:15,27.4,78.0,11.6,108.9
4423,2019-10-25 10:34:11,27.6,78.3,10.4,95.0
4424,2019-10-25 10:34:28,27.3,78.1,10.7,96.7
4426,2019-10-25 10:35:01,27.4,78.2,10.0,94.9
4428,2019-10-25 10:35:35,27.8,78.6,11.3,94.1
4429,2019-10-25 10:35:51,27.6,78.4,10.4,93.5
4432,2019-10-25 10:36:41,27.4,78.2,11.3,94.0
4435,2019-10-25 10:37:31,27.2,78.0,10.3,87.3
4436,2019-10-25 10:37:48,27.9,78.6,10.0,81.8
4441,2019-10-25 10:39:11,28.8,79.2,10.1,69.3
4446,2019-10-25 10:40:34,27.4,78.2,9.9,84.7
4447,2019-10-25 10:40:51,27.7,78.4,9.5,80.7
4448,2019-10-25 10:41:07,28.6,79.1,8.9,64.3
4451,2019-10-25 10:41:57,27.5,78.2,9.7,79.9
4454,2019-10-25 10:42:47,27.6,78.3,9.9,67.7
4458,2019-10-25 10:43:53,28.6,79.2,9.2,66.5
4459,2019-10-25 10:44:08,27.4,78.3,9.0,65.4
4460,2019-10-25 10:44:25,28.5,79.2,8.5,58.7
4462,2019-10-25 10:44:57,27.7,78.5,8.5,58.8
4466,2019-10-25 10:46:00,28.3,79.2,9.6,69.0
4467,2019-10-25 10:46:15,27.5,78.4,9.2,64.3
8600,2019-10-26 20:22:19,29.0,88.6,12.7,113.4
8601,2019-10-26 20:22:35,29.0,88.6,19.7,245.89999
8602,2019-10-26 20:22:52,28.2,88.0,21.8,283.10001
8603,2019-10-26 20:23:08,28.2,88.1,19.0,238.5
8604,2019-10-26 20:23:24,28.8,88.5,18.6,217.8
8605,2019-10-26 20:23:40,28.3,88.1,18.5,204.60001
8606,2019-10-26 20:23:57,28.2,88.0,17.0,187.60001
8607,2019-10-26 20:24:13,29.0,88.7,16.7,178.5
8608,2019-10-26 20:24:29,28.7,88.5,16.4,166.60001
8610,2019-10-26 20:25:02,28.8,88.7,16.7,171.5
8611,2019-10-26 20:25:18,28.9,88.7,16.9,181.39999
8613,2019-10-26 20:25:51,28.9,88.7,15.7,163.89999
8615,2019-10-26 20:26:23,29.0,88.8,17.0,176.39999
8616,2019-10-26 20:26:40,29.0,88.8,16.3,171.60001
8617,2019-10-26 20:26:56,29.1,88.8,16.0,161.5
8618,2019-10-26 20:27:12,28.8,88.5,15.9,166.7
8619,2019-10-26 20:27:28,28.3,88.0,16.4,164.0
8620,2019-10-26 20:27:44,28.9,88.5,15.6,150.60001
8622,2019-10-26 20:28:15,28.9,88.4,15.4,161.89999
8624,2019-10-26 20:28:48,28.9,88.5,16.2,147.5
8625,2019-10-26 20:29:04,29.0,88.6,14.7,141.0
8626,2019-10-26 20:29:21,29.0,88.7,14.6,148.39999
8627,2019-10-26 20:29:37,28.8,88.5,14.9,137.60001
8628,2019-10-26 20:29:53,28.3,88.3,15.9,128.5
8629,2019-10-26 20:30:10,28.9,88.7,15.9,140.3
8630,2019-10-26 20:30:26,28.9,88.7,14.5,128.3
8631,2019-10-26 20:30:42,28.9,88.7,14.2,119.6
8632,2019-10-26 20:30:59,28.8,88.7,15.1,125.2
8633,2019-10-26 20:31:15,28.8,88.7,14.4,123.0
8634,2019-10-26 20:31:31,28.8,88.7,15.0,135.10001
8635,2019-10-26 20:31:48,28.8,88.7,15.1,133.10001
8636,2019-10-26 20:32:05,28.8,88.8,14.6,120.1
8637,2019-10-26 20:32:21,28.3,88.4,13.6,123.5
8638,2019-10-26 20:32:37,28.9,88.7,13.8,121.7
8657,2019-10-26 20:37:46,28.2,87.5,13.9,92.6
8658,2019-10-26 20:38:01,28.9,87.9,14.0,92.4
8688,2019-10-26 20:46:11,29.1,85.2,12.6,64.9
8698,2019-10-26 20:48:57,29.1,84.6,13.2,68.1
8708,2019-10-26 20:51:41,29.2,84.1,12.2,65.7
14513,2019-10-27 22:50:48,28.0,77.8,96.3,118.9
14525,2019-10-27 22:53:57,29.0,78.6,97.9,122.7
14669,2019-10-27 23:32:31,28.2,78.1,107.1,132.8
14670,2019-10-27 23:32:47,28.9,78.7,107.1,131.89999
14704,2019-10-27 23:42:01,28.2,78.3,108.5,133.2
14827,2019-10-28 00:14:33,27.9,78.2,120.8,148.8
14876,2019-10-28 00:27:40,27.7,78.1,123.2,156.8
14882,2019-10-28 00:29:16,28.8,79.0,125.3,156.7
14911,2019-10-28 00:37:06,28.8,79.1,129.8,161.3
14912,2019-10-28 00:37:22,28.9,79.2,129.2,161.8
14952,2019-10-28 00:48:16,27.9,78.5,132.60001,168.39999
14971,2019-10-28 00:53:27,27.9,78.6,137.3,179.0
15002,2019-10-28 01:01:44,27.8,78.5,140.0,181.8
15003,2019-10-28 01:01:59,28.8,79.3,140.3,183.7
15037,2019-10-28 01:10:54,28.7,79.3,141.5,181.3
15134,2019-10-28 01:37:03,27.9,78.8,147.7,192.39999
15176,2019-10-28 01:48:23,27.9,78.9,149.10001,194.60001
15215,2019-10-28 01:59:00,27.7,78.8,151.0,195.5
15319,2019-10-28 02:27:30,28.3,79.4,150.39999,191.89999
15493,2019-10-28 03:14:06,27.6,79.1,141.0,172.10001
15497,2019-10-28 03:15:12,27.9,79.3,143.3,171.39999
15498,2019-10-28 03:15:28,27.6,79.1,141.8,168.89999
15506,2019-10-28 03:17:38,28.2,79.6,141.39999,168.89999
15512,2019-10-28 03:19:17,27.6,79.1,140.2,172.3
15547,2019-10-28 03:28:52,27.9,79.4,134.60001,163.7
15568,2019-10-28 03:34:29,27.8,79.3,132.5,156.7
15586,2019-10-28 03:39:11,28.9,80.2,129.89999,154.3
15587,2019-10-28 03:39:27,27.9,79.4,127.6,151.3
15593,2019-10-28 03:41:01,27.6,79.3,127.7,157.0
15596,2019-10-28 03:41:48,28.2,79.7,128.2,157.60001
15604,2019-10-28 03:43:54,28.0,79.6,127.4,150.60001
15605,2019-10-28 03:44:10,28.0,79.6,126.8,149.2
15640,2019-10-28 03:53:25,27.6,79.3,119.8,141.3
15647,2019-10-28 03:55:17,28.3,79.9,118.9,144.8
15654,2019-10-28 03:57:08,27.8,79.6,118.4,144.7
15667,2019-10-28 04:00:41,28.2,79.9,116.1,140.60001
15668,2019-10-28 04:00:57,27.6,79.3,116.1,140.60001
15669,2019-10-28 04:01:13,27.9,79.6,117.0,143.0
15678,2019-10-28 04:03:37,27.7,79.5,114.8,134.60001
15679,2019-10-28 04:03:53,27.8,79.6,114.8,134.8
15690,2019-10-28 04:06:50,28.2,79.9,111.1,134.5
15691,2019-10-28 04:07:06,28.4,80.1,110.4,131.39999
15692,2019-10-28 04:07:22,28.0,79.8,111.0,128.8
15698,2019-10-28 04:08:59,28.2,79.9,110.4,130.89999
15703,2019-10-28 04:10:19,28.0,79.7,107.7,123.4
15704,2019-10-28 04:10:36,28.8,80.4,107.0,125.1
15705,2019-10-28 04:10:52,28.1,79.9,108.4,130.60001
15706,2019-10-28 04:11:08,27.6,79.4,109.0,131.5
15707,2019-10-28 04:11:24,28.1,79.9,106.6,128.3
15709,2019-10-28 04:11:56,28.2,79.9,107.6,127.7
15712,2019-10-28 04:12:45,28.0,79.9,107.5,130.2
15713,2019-10-28 04:13:01,28.3,80.0,106.2,127.9
15758,2019-10-28 04:25:12,28.8,80.5,97.8,120.8
15762,2019-10-28 04:26:17,27.9,79.9,94.3,111.4
15766,2019-10-28 04:27:23,27.9,79.8,95.7,110.0
15776,2019-10-28 04:30:07,28.2,80.1,94.0,110.9
15778,2019-10-28 04:30:40,27.8,79.8,92.5,108.3
15781,2019-10-28 04:31:29,27.8,79.8,91.5,110.7
15782,2019-10-28 04:31:45,27.7,79.7,90.8,109.4
15787,2019-10-28 04:33:07,27.9,79.9,91.4,108.5
15792,2019-10-28 04:34:50,27.8,79.8,89.3,103.6
15793,2019-10-28 04:35:07,27.7,79.8,88.5,103.3
15801,2019-10-28 04:37:19,27.9,80.0,86.8,99.1
15812,2019-10-28 04:40:39,27.6,79.7,85.1,97.6
15820,2019-10-28 04:42:48,28.1,80.0,84.4,96.4
15823,2019-10-28 04:43:35,28.0,79.9,84.6,97.7
15843,2019-10-28 04:48:48,27.6,79.7,80.6,93.9
15850,2019-10-28 04:50:38,27.9,79.9,78.9,94.0
15868,2019-10-28 04:55:20,27.6,79.7,75.5,87.9
15869,2019-10-28 04:55:36,27.9,80.0,75.9,88.4
15899,2019-10-28 05:03:30,27.7,79.8,70.5,82.3
15919,2019-10-28 05:08:48,28.0,80.0,67.8,77.4
34426,2019-11-05 23:08:34,23.9,89.0,142.3,197.2
34491,2019-11-05 23:26:44,24.2,89.8,143.2,200.3
34497,2019-11-05 23:28:26,24.0,89.5,142.2,195.60001
34501,2019-11-05 23:29:33,24.2,89.6,144.10001,212.60001
34557,2019-11-05 23:45:27,24.0,88.7,142.5,212.10001
35247,2019-11-06 02:54:44,23.1,90.4,137.0,221.60001
35481,2019-11-06 03:58:03,22.8,91.7,142.5,231.0
35509,2019-11-06 04:05:49,22.8,92.4,149.60001,253.8
35524,2019-11-06 04:10:02,23.0,92.4,147.8,261.29999
35531,2019-11-06 04:11:59,23.2,92.4,149.39999,254.8
35535,2019-11-06 04:13:07,23.0,92.1,149.2,253.60001
35536,2019-11-06 04:13:23,23.0,92.1,149.7,255.8
35538,2019-11-06 04:13:57,23.1,92.0,151.89999,255.39999
35539,2019-11-06 04:14:14,23.0,92.0,150.3,256.10001
35606,2019-11-06 04:33:08,22.9,93.3,149.2,262.29999
35647,2019-11-06 04:44:10,22.7,93.5,142.8,255.10001
35959,2019-11-06 06:10:13,22.7,94.0,135.0,254.0
35960,2019-11-06 06:10:30,22.7,94.0,134.39999,255.89999
35976,2019-11-06 06:14:48,22.7,94.0,135.5,255.5
35991,2019-11-06 06:18:46,22.8,93.6,135.60001,254.39999
35992,2019-11-06 06:19:02,22.8,93.6,136.89999,263.0
36082,2019-11-06 06:43:10,22.8,93.5,142.0,256.70001
36156,2019-11-06 07:03:25,23.4,93.8,136.8,221.60001
36180,2019-11-06 07:10:01,23.1,92.8,144.10001,258.5
36253,2019-11-06 07:30:20,23.7,92.5,155.2,252.10001
36254,2019-11-06 07:30:37,23.7,92.5,157.2,261.39999
36255,2019-11-06 07:30:54,23.6,92.5,155.39999,260.89999
36256,2019-11-06 07:31:11,23.7,92.6,158.7,267.79999
36260,2019-11-06 07:32:18,23.6,92.6,161.2,260.29999
36261,2019-11-06 07:32:35,23.7,92.6,160.89999,253.7
36269,2019-11-06 07:34:50,23.8,92.4,157.7,249.89999
36271,2019-11-06 07:35:24,23.8,92.4,159.60001,260.5
36274,2019-11-06 07:36:15,23.7,92.3,158.0,260.20001
36276,2019-11-06 07:36:49,23.7,92.3,160.3,262.20001
36285,2019-11-06 07:39:21,24.6,92.1,155.39999,245.7
36286,2019-11-06 07:39:38,24.7,92.1,154.3,246.2
36287,2019-11-06 07:39:55,24.6,92.1,154.3,254.8
36291,2019-11-06 07:41:03,23.9,91.9,154.10001,245.8
36299,2019-11-06 07:43:19,24.6,92.3,152.39999,238.60001
36305,2019-11-06 07:45:01,24.6,92.3,155.10001,245.5
36310,2019-11-06 07:46:27,24.7,92.1,158.39999,249.89999
36314,2019-11-06 07:47:35,24.9,92.0,161.0,260.20001
36355,2019-11-06 07:58:34,25.0,90.9,160.5,253.39999
36374,2019-11-06 08:03:37,25.6,88.8,156.3,237.3
36378,2019-11-06 08:04:41,26.0,88.3,153.2,226.7
36383,2019-11-06 08:06:01,26.0,87.8,153.10001,228.3
36388,2019-11-06 08:07:22,26.3,89.8,157.60001,242.39999
36389,2019-11-06 08:07:38,26.3,89.8,160.39999,247.0
36390,2019-11-06 08:07:54,26.4,89.7,161.2,241.39999
36393,2019-11-06 08:08:42,26.3,89.0,156.39999,237.10001
36397,2019-11-06 08:09:46,26.3,88.8,157.39999,235.7
36399,2019-11-06 08:10:19,26.4,88.8,156.89999,238.2
36400,2019-11-06 08:10:36,25.7,88.6,159.7,242.0
36401,2019-11-06 08:10:52,25.5,88.5,157.60001,242.39999
36409,2019-11-06 08:13:00,26.1,86.1,144.2,219.0
36414,2019-11-06 08:14:21,26.3,86.0,144.39999,212.3
36415,2019-11-06 08:14:38,26.3,85.9,144.60001,216.39999
36423,2019-11-06 08:16:47,26.3,85.1,144.5,215.8
36424,2019-11-06 08:17:03,26.3,85.1,146.0,216.3
36426,2019-11-06 08:17:36,26.4,85.0,150.89999,222.39999
36429,2019-11-06 08:18:24,26.5,84.9,147.2,212.89999
36432,2019-11-06 08:19:13,26.4,84.5,146.0,218.8
36433,2019-11-06 08:19:29,25.8,84.2,144.60001,214.60001
36438,2019-11-06 08:20:50,26.4,84.8,148.7,215.5
36443,2019-11-06 08:22:11,26.4,83.9,146.5,213.89999
36448,2019-11-06 08:23:33,26.8,84.6,147.3,216.7
36449,2019-11-06 08:23:49,25.7,83.8,148.7,214.60001
36451,2019-11-06 08:24:21,25.7,84.6,151.39999,228.39999
36453,2019-11-06 08:24:54,26.7,85.8,150.7,222.2
36454,2019-11-06 08:25:10,26.4,86.0,154.5,227.89999
36460,2019-11-06 08:26:48,26.6,85.5,154.0,229.0
36470,2019-11-06 08:29:31,26.7,85.2,153.0,225.5
36473,2019-11-06 08:30:20,26.9,85.0,150.3,217.2
36478,2019-11-06 08:31:42,26.8,83.0,151.39999,231.39999
36480,2019-11-06 08:32:15,26.6,82.4,151.2,241.7
36483,2019-11-06 08:33:05,25.9,81.5,151.39999,230.60001
36487,2019-11-06 08:34:10,26.8,81.8,151.8,239.5
36492,2019-11-06 08:35:33,26.6,81.3,149.89999,229.0
36497,2019-11-06 08:36:55,26.8,81.2,151.89999,243.5
36502,2019-11-06 08:38:38,26.9,81.9,148.7,229.5
36504,2019-11-06 08:39:11,26.6,81.7,152.7,238.8
36505,2019-11-06 08:39:27,26.6,81.9,151.2,237.3
36524,2019-11-06 08:44:41,26.5,81.6,151.39999,241.89999
36525,2019-11-06 08:44:57,26.9,81.8,150.89999,238.7
36530,2019-11-06 08:46:20,26.6,81.3,151.89999,244.2
36531,2019-11-06 08:46:55,26.7,82.2,155.2,268.0
36532,2019-11-06 08:47:12,26.8,82.8,156.5,317.5
36533,2019-11-06 08:47:29,26.9,83.3,161.5,386.20001
36534,2019-11-06 08:47:45,26.9,84.2,169.39999,451.0
36535,2019-11-06 08:48:02,27.5,84.5,164.3,385.20001
36536,2019-11-06 08:48:19,26.6,83.6,160.3,351.70001
36537,2019-11-06 08:48:54,26.9,84.7,160.2,363.0
36538,2019-11-06 08:49:10,26.7,85.0,157.7,314.60001
36539,2019-11-06 08:49:27,26.7,85.2,154.39999,265.5
36540,2019-11-06 08:49:43,27.5,85.9,155.60001,262.39999
36542,2019-11-06 08:50:14,26.9,85.5,154.3,255.8
36543,2019-11-06 08:50:31,26.5,85.1,154.89999,267.60001
36544,2019-11-06 08:50:48,26.9,85.3,158.7,307.39999
36545,2019-11-06 08:51:04,26.6,85.3,160.39999,335.39999
36546,2019-11-06 08:51:19,26.6,85.2,156.0,316.20001
36547,2019-11-06 08:51:35,26.9,85.5,154.7,295.10001
36548,2019-11-06 08:51:51,26.4,84.6,152.0,275.39999
36549,2019-11-06 08:52:07,26.7,84.5,148.2,268.10001
36550,2019-11-06 08:52:23,26.5,83.8,148.0,286.20001
36551,2019-11-06 08:52:39,27.0,84.9,153.8,369.20001
36552,2019-11-06 08:52:54,26.4,83.7,149.39999,343.89999
36556,2019-11-06 08:53:58,26.8,84.7,148.5,296.89999
36557,2019-11-06 08:54:13,27.0,83.8,144.2,302.5
36558,2019-11-06 08:54:29,26.9,83.4,132.3,275.89999
36559,2019-11-06 08:54:45,27.1,83.2,125.5,267.10001
36560,2019-11-06 08:55:01,27.1,82.8,122.7,266.60001
36561,2019-11-06 08:55:17,26.4,81.8,120.5,254.10001
36562,2019-11-06 08:55:32,26.5,82.3,122.5,244.89999
36563,2019-11-06 08:55:48,26.7,82.5,124.6,244.39999
36564,2019-11-06 08:56:04,26.6,82.1,119.9,224.0
36657,2019-11-06 09:20:37,27.0,75.9,91.7,251.2
36658,2019-11-06 09:20:53,27.3,76.4,92.1,257.89999
36659,2019-11-06 09:21:08,27.0,76.2,89.4,227.5
36660,2019-11-06 09:21:24,27.2,76.4,87.6,182.39999
36662,2019-11-06 09:21:56,27.4,76.8,88.0,179.39999
36666,2019-11-06 09:22:59,27.3,76.0,92.5,176.39999
36667,2019-11-06 09:23:15,27.5,76.3,95.1,237.89999
36668,2019-11-06 09:23:31,27.3,76.2,94.9,253.7
36671,2019-11-06 09:24:18,26.7,76.5,92.7,256.0
36672,2019-11-06 09:24:34,27.3,77.2,93.0,263.10001
36673,2019-11-06 09:24:50,27.0,76.9,89.7,195.3
46700,2019-11-08 08:35:54,25.0,87.7,98.6,201.89999
46701,2019-11-08 08:36:10,25.0,87.7,110.1,395.60001
46702,2019-11-08 08:36:26,25.2,87.7,119.3,593.0
46703,2019-11-08 08:36:42,25.2,87.6,113.1,510.70000999999996
46704,2019-11-08 08:36:58,25.1,87.5,106.7,386.70001
46705,2019-11-08 08:37:13,25.1,87.7,104.7,314.29999
46706,2019-11-08 08:37:29,25.4,88.0,104.0,306.29999
46707,2019-11-08 08:37:45,25.0,87.8,107.9,391.0
46708,2019-11-08 08:38:01,24.8,87.6,106.5,410.60001
46709,2019-11-08 08:38:17,25.2,87.7,101.7,307.79999
46710,2019-11-08 08:38:33,25.1,87.7,100.9,254.3
46711,2019-11-08 08:38:48,25.6,88.3,101.3,232.10001
46712,2019-11-08 08:39:04,25.1,87.9,98.6,203.8
46713,2019-11-08 08:39:20,24.7,87.8,96.7,199.5
46714,2019-11-08 08:39:36,24.8,87.9,97.4,202.8
46715,2019-11-08 08:39:52,24.8,87.9,98.1,241.60001
46716,2019-11-08 08:40:07,24.9,88.0,99.2,264.39999
46717,2019-11-08 08:40:23,25.2,88.1,99.3,254.60001
46718,2019-11-08 08:40:39,25.0,87.9,99.6,253.0
46719,2019-11-08 08:40:55,24.8,87.4,98.8,225.3
46720,2019-11-08 08:41:11,24.9,87.5,97.3,227.89999
46721,2019-11-08 08:41:27,24.8,87.5,97.2,233.2
46722,2019-11-08 08:41:42,25.1,87.6,99.1,228.5
46723,2019-11-08 08:41:58,25.0,87.5,102.1,262.29999
46724,2019-11-08 08:42:14,25.1,87.5,103.3,279.60001
46725,2019-11-08 08:42:30,24.8,87.1,102.3,252.5
46726,2019-11-08 08:42:46,25.2,86.8,99.8,219.0
46727,2019-11-08 08:43:02,25.2,86.5,99.5,209.3
46728,2019-11-08 08:43:17,25.2,86.1,101.3,216.0
46729,2019-11-08 08:43:33,24.9,85.6,100.5,198.7
46744,2019-11-08 08:47:31,25.1,85.1,99.4,199.2
46776,2019-11-08 08:56:02,25.8,82.4,104.0,233.10001
46777,2019-11-08 08:56:18,26.5,82.7,103.6,251.0
46778,2019-11-08 08:56:34,26.5,82.6,101.7,226.5
46779,2019-11-08 08:56:50,26.4,82.3,101.6,212.3
46788,2019-11-08 08:59:34,26.7,80.8,108.2,202.5
46789,2019-11-08 08:59:50,26.6,80.3,110.0,205.60001
46791,2019-11-08 09:00:23,26.6,80.1,108.7,208.8
46820,2019-11-08 09:08:32,26.4,83.0,112.5,276.20001
46821,2019-11-08 09:08:48,26.6,83.4,116.5,348.79999
46822,2019-11-08 09:09:04,26.9,83.9,116.1,341.60001
46823,2019-11-08 09:09:20,26.6,83.8,112.2,275.20001
46824,2019-11-08 09:09:37,26.7,84.0,111.6,272.89999
46825,2019-11-08 09:09:53,26.4,83.8,116.3,317.89999
46826,2019-11-08 09:10:09,26.9,84.2,119.4,341.29999
46827,2019-11-08 09:10:25,26.4,83.9,115.2,294.20001
46828,2019-11-08 09:10:41,26.4,83.9,111.3,230.10001
46829,2019-11-08 09:10:58,26.5,84.1,111.0,204.8
46842,2019-11-08 09:14:29,26.7,84.9,115.7,276.39999
46843,2019-11-08 09:14:45,26.0,84.7,123.5,393.20001
46844,2019-11-08 09:15:01,26.3,85.2,125.5,445.20000999999996
46845,2019-11-08 09:15:17,26.3,85.2,124.1,429.10000999999994
46846,2019-11-08 09:15:34,26.3,85.2,119.2,342.70001
46847,2019-11-08 09:16:10,26.7,85.2,114.4,228.89999
46848,2019-11-08 09:16:27,26.4,84.8,111.3,210.7
46849,2019-11-08 09:16:43,26.7,85.3,111.2,216.89999
50629,2019-11-09 03:05:05,22.3,94.0,117.8,214.8
50680,2019-11-09 03:18:58,22.7,93.3,116.2,213.60001
50681,2019-11-09 03:19:16,22.7,93.3,117.5,215.39999
50770,2019-11-09 03:43:35,23.0,92.8,116.2,215.0
51855,2019-11-09 08:40:53,24.9,87.7,132.0,254.2
51904,2019-11-09 08:54:24,26.4,87.1,124.6,257.20001
51905,2019-11-09 08:54:39,26.2,87.0,125.1,315.29999
51906,2019-11-09 08:54:55,26.4,87.1,127.1,329.39999
51907,2019-11-09 08:55:11,26.2,86.9,128.0,296.60001
51908,2019-11-09 08:55:27,26.1,86.9,128.3,305.20001
51909,2019-11-09 08:55:43,26.3,86.9,125.8,304.10001
51910,2019-11-09 08:55:59,26.3,86.9,125.7,294.20001
51911,2019-11-09 08:56:15,26.4,86.9,124.3,274.70001
51912,2019-11-09 08:56:34,26.4,86.9,125.4,270.70001
51913,2019-11-09 08:56:50,26.4,86.8,125.1,267.39999
51914,2019-11-09 08:57:05,26.0,86.3,126.2,280.5
51915,2019-11-09 08:57:24,26.2,86.4,126.2,295.10001
51916,2019-11-09 08:57:41,26.6,86.6,125.0,293.39999
51917,2019-11-09 08:57:56,26.5,86.3,123.9,265.39999
51918,2019-11-09 08:58:15,26.3,86.2,123.8,243.0
51919,2019-11-09 08:58:33,26.2,86.2,123.2,234.39999
51921,2019-11-09 08:59:05,26.6,86.7,125.2,230.10001
51922,2019-11-09 08:59:23,26.4,86.5,120.7,233.2
51923,2019-11-09 08:59:39,26.5,86.3,118.5,238.89999
51924,2019-11-09 08:59:55,26.3,86.1,121.2,223.7
52042,2019-11-09 09:32:56,26.6,74.6,100.9,202.2
52043,2019-11-09 09:33:12,26.6,74.8,106.4,293.20001
52044,2019-11-09 09:33:31,26.7,74.7,108.4,328.89999
52045,2019-11-09 09:33:50,27.4,75.0,108.6,300.29999
52046,2019-11-09 09:34:06,26.7,74.1,109.0,338.5
52047,2019-11-09 09:34:23,27.4,74.5,102.4,245.2
52050,2019-11-09 09:35:18,27.4,74.8,97.6,191.3
52051,2019-11-09 09:35:34,27.1,74.9,97.7,218.2
52052,2019-11-09 09:35:51,27.1,74.9,95.6,185.10001
52136,2019-11-09 10:00:16,28.2,68.1,89.3,189.39999
52137,2019-11-09 10:00:33,28.8,68.7,89.3,187.10001
52214,2019-11-09 10:23:32,28.8,66.8,89.5,195.2
52215,2019-11-09 10:23:48,28.0,66.0,91.9,231.7
52216,2019-11-09 10:24:07,28.9,66.9,90.2,185.10001
52664,2019-11-09 12:33:16,33.9,50.1,67.0,152.0
52722,2019-11-09 12:52:44,34.7,47.7,94.4,277.39999
52723,2019-11-09 12:53:02,34.6,47.9,85.5,249.89999
52724,2019-11-09 12:53:22,34.2,48.2,82.0,228.10001
52730,2019-11-09 12:55:17,35.5,48.6,110.9,408.39999
52731,2019-11-09 12:55:36,35.7,48.2,190.10001,837.09998
52732,2019-11-09 12:55:53,35.3,47.4,117.1,459.20000999999996
52733,2019-11-09 12:56:13,36.3,47.1,82.6,208.10001
52783,2019-11-09 13:12:20,32.8,48.1,71.4,183.5
52784,2019-11-09 13:12:40,32.7,48.3,82.5,267.39999
52785,2019-11-09 13:12:59,32.8,48.8,71.1,178.0
53696,2019-11-09 18:59:39,26.5,73.9,234.39999,260.89999
59391,2019-11-11 08:30:56,25.7,80.6,83.7,286.5
59392,2019-11-11 08:31:23,25.6,80.7,82.8,244.39999
59397,2019-11-11 08:33:42,24.9,80.4,82.7,276.60001
59398,2019-11-11 08:34:09,25.5,81.3,83.6,296.89999
59399,2019-11-11 08:34:27,24.7,80.8,79.9,269.5
59400,2019-11-11 08:34:44,24.6,80.8,78.4,239.10001
59401,2019-11-11 08:35:02,25.3,81.4,79.4,206.60001
59402,2019-11-11 08:35:35,25.0,81.1,84.7,268.0
59403,2019-11-11 08:35:50,24.5,80.7,84.5,273.0
59404,2019-11-11 08:36:25,24.2,80.7,84.3,267.39999
59405,2019-11-11 08:36:42,25.5,81.7,81.1,250.60001
59406,2019-11-11 08:36:59,25.0,81.2,90.5,346.60001
59407,2019-11-11 08:37:16,25.0,81.2,99.2,467.10000999999994
59408,2019-11-11 08:37:45,25.0,81.5,84.8,259.79999
59409,2019-11-11 08:38:03,25.2,81.7,81.2,198.89999
59411,2019-11-11 08:38:43,25.4,81.5,79.0,201.0
59576,2019-11-11 09:42:26,28.3,69.7,53.8,243.39999
59577,2019-11-11 09:42:48,28.4,69.5,66.1,394.70001
59578,2019-11-11 09:43:11,28.4,69.4,204.3,1398.69995
59579,2019-11-11 09:43:34,27.9,68.9,180.2,1164.0
59640,2019-11-11 10:06:35,28.0,69.7,49.6,210.60001
59641,2019-11-11 10:06:58,28.3,69.9,54.0,258.10001
59642,2019-11-11 10:07:20,27.6,69.0,84.9,575.40002
59643,2019-11-11 10:07:43,27.8,69.2,81.9,544.5
59644,2019-11-11 10:08:06,27.9,69.1,85.8,582.09998
59645,2019-11-11 10:08:28,27.6,68.7,89.0,606.90002
59646,2019-11-11 10:08:51,27.6,68.8,128.39999,968.0999800000001
59647,2019-11-11 10:09:13,27.6,68.8,66.8,412.60001
59651,2019-11-11 10:10:44,27.4,69.7,46.8,161.0
59652,2019-11-11 10:11:06,27.8,70.0,47.5,200.3
59654,2019-11-11 10:11:52,27.4,69.9,59.7,367.89999
59663,2019-11-11 10:15:10,27.4,69.2,73.6,463.79999000000004
59664,2019-11-11 10:15:32,27.4,69.3,123.9,963.7999900000001
59665,2019-11-11 10:15:55,28.4,70.4,114.7,900.7000099999999
59666,2019-11-11 10:16:18,27.8,69.6,103.4,792.2000099999999
59667,2019-11-11 10:16:41,28.1,69.6,61.4,395.70001
59668,2019-11-11 10:17:04,28.2,69.6,61.4,394.5
63322,2019-11-12 08:23:29,25.6,77.9,58.8,208.0
63344,2019-11-12 08:31:41,24.9,77.6,56.5,197.5
63374,2019-11-12 08:42:59,26.3,76.9,76.7,488.79999000000004
63375,2019-11-12 08:43:22,25.8,75.8,61.0,241.89999
63398,2019-11-12 08:52:02,24.9,76.5,60.4,241.8
66309,2019-11-13 04:05:22,22.7,70.6,60.3,68.1
66314,2019-11-13 04:07:13,23.0,70.8,59.8,67.2
66970,2019-11-13 08:47:45,24.9,68.8,61.7,155.0
67066,2019-11-13 09:23:48,26.1,65.3,64.3,209.5
67067,2019-11-13 09:24:11,25.8,64.6,74.7,403.20001
70007,2019-11-14 03:09:16,23.6,82.3,64.8,144.60001
70049,2019-11-14 03:25:20,23.3,82.1,72.1,167.0
70060,2019-11-14 03:29:36,23.6,82.9,73.0,166.5
70061,2019-11-14 03:29:59,23.9,83.1,74.3,177.2
70063,2019-11-14 03:30:45,23.3,82.6,72.5,174.8
70867,2019-11-14 08:40:24,24.0,85.9,109.8,294.39999
70868,2019-11-14 08:40:46,23.9,85.7,104.5,223.2
77667,2019-11-16 04:31:33,24.0,83.6,71.2,150.3
80011,2019-11-16 19:37:23,26.1,60.0,789.0,1255.30005
80012,2019-11-16 19:37:46,26.8,60.6,679.09998,759.5
80013,2019-11-16 19:38:08,26.3,60.2,128.3,144.0
85773,2019-11-18 08:37:10,24.6,65.5,73.9,245.10001
85774,2019-11-18 08:37:28,24.6,65.4,72.3,220.7
85776,2019-11-18 08:38:38,24.2,63.0,92.4,435.10000999999994
85777,2019-11-18 08:38:55,24.3,62.9,82.6,333.60001
85778,2019-11-18 08:39:14,25.1,63.3,81.3,312.20001
85782,2019-11-18 08:40:58,24.5,63.4,72.1,194.89999
85783,2019-11-18 08:41:21,24.9,63.7,83.5,338.60001
85784,2019-11-18 08:41:44,24.6,63.6,76.5,270.5
85785,2019-11-18 08:42:08,24.3,63.9,97.9,518.0
85786,2019-11-18 08:42:29,24.5,63.9,94.7,491.60000999999994
85831,2019-11-18 09:01:07,25.2,61.9,73.6,230.3
85832,2019-11-18 09:01:23,25.3,62.2,82.4,351.0
85833,2019-11-18 09:01:38,25.2,62.3,79.5,310.29999
85835,2019-11-18 09:02:34,25.7,62.7,119.9,691.0
85836,2019-11-18 09:02:50,25.4,62.4,130.5,782.59998
85837,2019-11-18 09:03:08,25.3,62.8,109.2,596.0
85838,2019-11-18 09:03:23,24.6,62.3,123.6,725.09998
85839,2019-11-18 09:03:40,26.1,63.5,104.4,525.90002
85840,2019-11-18 09:03:56,25.9,63.1,85.1,358.89999
85841,2019-11-18 09:04:12,25.4,62.5,106.7,573.59998
85842,2019-11-18 09:04:39,25.2,62.5,157.0,930.5999800000001
85932,2019-11-18 09:39:18,26.3,60.4,68.7,207.7
85933,2019-11-18 09:39:42,26.8,60.2,67.1,159.2
89160,2019-11-19 05:27:35,22.8,84.0,120.2,155.8
89236,2019-11-19 05:53:11,22.4,86.0,129.2,170.39999
89244,2019-11-19 05:56:06,22.7,86.6,129.7,171.8
89247,2019-11-19 05:57:17,21.6,86.0,130.7,171.89999
89249,2019-11-19 05:58:01,22.6,86.6,130.60001,173.7
89257,2019-11-19 06:00:51,21.9,86.2,130.89999,170.60001
89318,2019-11-19 06:23:11,22.9,85.8,139.2,185.8
89319,2019-11-19 06:23:29,23.2,86.0,138.3,183.3
89340,2019-11-19 06:31:35,22.6,85.7,140.39999,190.60001
89341,2019-11-19 06:31:59,22.4,85.5,142.3,194.7
89342,2019-11-19 06:32:15,22.9,85.8,141.39999,190.2
89343,2019-11-19 06:32:41,21.9,85.3,138.8,184.0
89344,2019-11-19 06:33:05,23.5,86.2,140.10001,188.60001
89345,2019-11-19 06:33:32,22.7,85.6,141.89999,192.3
89348,2019-11-19 06:34:40,23.5,86.1,139.2,186.5
89352,2019-11-19 06:36:00,22.4,85.4,137.89999,186.2
89387,2019-11-19 06:50:29,22.7,87.4,129.7,170.10001
89660,2019-11-19 08:30:56,25.4,75.3,115.0,381.0
89661,2019-11-19 08:31:11,25.8,75.7,117.9,415.5
89662,2019-11-19 08:31:32,25.0,75.0,111.0,291.39999
89872,2019-11-19 09:49:49,28.6,68.4,97.8,199.2
89883,2019-11-19 09:53:41,27.9,69.5,104.6,229.2
90051,2019-11-19 10:55:48,29.6,63.0,96.5,188.7
93107,2019-11-20 06:30:01,24.1,91.3,143.5,216.2
93275,2019-11-20 07:30:53,24.0,91.5,142.89999,211.8
93852,2019-11-20 11:20:33,30.4,63.6,101.5,127.0
93994,2019-11-20 12:12:43,32.8,51.7,90.2,110.6
97852,2019-11-21 13:02:04,36.4,43.8,78.6,97.2
98013,2019-11-21 14:05:14,34.1,46.8,70.7,89.4
100856,2019-11-22 08:25:03,23.6,88.1,124.7,473.89999000000006
100857,2019-11-22 08:25:31,23.2,87.9,98.4,207.39999
101051,2019-11-22 09:38:55,25.1,80.5,81.7,167.0
103635,2019-11-23 02:09:06,20.7,93.2,116.5,216.3
103651,2019-11-23 02:15:09,21.1,93.1,119.6,220.3
103664,2019-11-23 02:20:04,20.6,92.8,125.5,226.89999
103665,2019-11-23 02:20:20,21.4,93.0,125.6,235.8
103666,2019-11-23 02:20:42,21.3,92.9,124.2,231.60001
103671,2019-11-23 02:22:34,21.4,92.8,126.3,229.5
103817,2019-11-23 03:17:29,20.6,95.4,129.39999,239.39999
104431,2019-11-23 07:10:03,20.5,94.8,153.3,254.7
104474,2019-11-23 07:26:17,21.0,94.1,146.0,227.0
104554,2019-11-23 07:56:20,21.9,91.9,122.6,401.70001
104555,2019-11-23 07:56:43,21.8,91.9,129.7,486.60000999999994
104556,2019-11-23 07:57:05,22.8,92.3,129.10001,528.90002
104557,2019-11-23 07:57:27,21.6,92.0,118.7,359.89999
104558,2019-11-23 07:57:50,21.8,91.9,115.2,231.8
104576,2019-11-23 08:04:37,22.7,91.5,112.8,209.2
104577,2019-11-23 08:05:00,22.1,91.4,113.9,250.8
104578,2019-11-23 08:05:22,22.5,91.5,113.6,231.5
104639,2019-11-23 08:28:05,22.9,87.2,107.5,232.8
104640,2019-11-23 08:28:28,23.0,87.2,110.2,290.10001
104730,2019-11-23 09:02:37,25.0,83.6,87.3,198.39999
104731,2019-11-23 09:03:00,24.6,83.4,96.7,310.60001
104732,2019-11-23 09:03:22,24.4,83.2,86.8,200.2
104734,2019-11-23 09:04:07,24.5,83.4,95.3,309.10001
104735,2019-11-23 09:04:30,24.8,83.4,94.3,296.79999
104736,2019-11-23 09:04:53,24.6,83.2,90.1,205.5
104738,2019-11-23 09:05:38,25.1,82.8,86.5,177.0
104739,2019-11-23 09:06:01,25.2,82.7,95.2,301.29999
104740,2019-11-23 09:06:23,25.3,82.6,102.7,330.60001
104741,2019-11-23 09:06:46,25.1,82.6,98.4,285.5
104742,2019-11-23 09:07:09,25.4,83.0,89.5,203.8
104767,2019-11-23 09:16:41,25.6,79.6,89.2,222.8
104768,2019-11-23 09:17:03,24.5,78.9,89.7,225.10001
106344,2019-11-23 19:20:36,26.5,58.9,261.20001,292.0
106345,2019-11-23 19:20:59,25.8,58.4,189.7,212.0
106346,2019-11-23 19:21:25,26.0,58.5,229.60001,254.8
108154,2019-11-24 06:51:26,20.0,92.4,112.0,208.3
108155,2019-11-24 06:51:48,19.9,92.4,111.7,215.2
108157,2019-11-24 06:52:34,19.9,92.3,112.9,213.8
108158,2019-11-24 06:52:56,20.5,92.5,114.6,223.2
112241,2019-11-25 08:37:07,22.9,89.1,126.7,302.0
112242,2019-11-25 08:37:22,22.9,89.1,125.6,293.10001
115679,2019-11-26 07:08:25,21.5,93.3,146.10001,227.60001
115680,2019-11-26 07:08:40,22.6,93.6,146.2,225.60001
115725,2019-11-26 07:26:11,22.3,93.4,142.39999,231.5
115925,2019-11-26 08:42:21,23.9,89.1,131.0,303.89999
116483,2019-11-26 12:27:44,33.7,46.7,69.7,86.7
119515,2019-11-27 08:26:19,23.1,86.7,109.4,218.10001
119548,2019-11-27 08:39:47,22.8,86.5,112.4,239.39999
119549,2019-11-27 08:40:10,23.5,86.7,119.1,314.10001
119550,2019-11-27 08:40:25,22.8,86.2,109.3,201.10001
123164,2019-11-28 08:21:25,23.4,93.5,120.0,310.5
123165,2019-11-28 08:21:48,23.5,93.5,111.9,238.7
123351,2019-11-28 09:33:11,24.5,87.4,114.7,222.7
123355,2019-11-28 09:34:40,25.3,87.1,114.8,250.3
123356,2019-11-28 09:35:03,24.9,86.6,112.0,227.0
123359,2019-11-28 09:36:11,24.6,86.6,124.2,371.89999
123360,2019-11-28 09:36:52,25.3,87.0,121.5,364.20001
123361,2019-11-28 09:37:14,25.1,86.5,115.4,234.0
123364,2019-11-28 09:38:22,25.0,86.6,112.5,233.5
123365,2019-11-28 09:38:45,25.4,87.2,117.3,295.20001
123366,2019-11-28 09:39:08,25.3,87.1,114.1,219.60001
123367,2019-11-28 09:39:30,25.4,87.2,133.10001,469.79999000000004
123368,2019-11-28 09:39:53,25.5,87.2,192.8,927.7000099999999
123369,2019-11-28 09:40:15,26.0,87.0,181.2,776.7000099999999
123370,2019-11-28 09:40:37,26.1,87.0,112.5,225.2
123371,2019-11-28 09:41:00,26.1,87.0,158.2,667.2000099999999
123372,2019-11-28 09:41:23,24.9,85.8,199.10001,1013.7999900000001
123373,2019-11-28 09:41:45,25.1,85.9,148.8,637.90002
123374,2019-11-28 09:42:14,24.9,86.0,262.10001,1517.30005
123375,2019-11-28 09:42:36,24.9,86.0,256.60001,1426.4000199999998
123376,2019-11-28 09:42:59,25.4,86.6,183.10001,882.0
123377,2019-11-28 09:43:22,25.1,86.3,109.1,245.10001
126919,2019-11-29 08:30:48,23.4,92.8,77.8,363.5
126920,2019-11-29 08:31:11,23.7,92.9,83.7,450.5
134486,2019-12-01 08:40:34,24.9,91.9,65.5,147.2
134494,2019-12-01 08:43:33,25.0,91.6,68.6,148.3
145713,2019-12-04 08:38:17,23.4,94.8,95.2,186.60001
149457,2019-12-05 08:30:02,23.6,95.2,85.6,183.3
151575,2019-12-05 22:01:21,23.4,92.6,136.0,224.60001
152197,2019-12-06 01:58:41,20.5,94.4,105.2,202.39999
152198,2019-12-06 01:59:04,20.5,94.4,105.2,204.39999
152207,2019-12-06 02:02:28,21.4,94.5,107.1,228.89999
152208,2019-12-06 02:02:51,21.0,94.3,106.1,205.60001
152209,2019-12-06 02:03:14,21.1,94.3,104.7,210.0
152217,2019-12-06 02:06:14,20.9,94.2,105.3,216.2
152221,2019-12-06 02:07:44,21.2,94.1,103.9,211.39999
152228,2019-12-06 02:10:23,21.6,94.1,105.1,203.10001
152230,2019-12-06 02:11:09,21.5,93.9,108.0,197.5
152233,2019-12-06 02:12:18,21.7,93.9,104.2,202.3
152236,2019-12-06 02:13:26,21.7,93.8,105.5,220.60001
152237,2019-12-06 02:13:49,20.9,93.5,107.1,234.7
152242,2019-12-06 02:15:41,21.6,93.6,107.4,222.39999
152243,2019-12-06 02:16:04,21.7,93.5,106.9,216.5
152244,2019-12-06 02:16:26,22.0,93.6,103.7,201.0
152245,2019-12-06 02:16:49,21.4,93.4,103.5,210.39999
152246,2019-12-06 02:17:11,21.5,93.4,105.8,223.10001
152247,2019-12-06 02:17:34,21.5,93.5,103.4,208.3
152257,2019-12-06 02:21:38,21.6,93.6,105.4,204.5
152258,2019-12-06 02:22:01,21.6,93.6,105.1,209.3
152261,2019-12-06 02:23:09,21.9,93.8,107.9,210.60001
152313,2019-12-06 02:42:52,20.4,94.0,105.1,191.89999
152688,2019-12-06 05:06:30,22.0,94.2,112.7,227.7
152689,2019-12-06 05:06:52,21.4,94.1,111.2,221.8
152690,2019-12-06 05:07:15,21.9,94.2,110.4,208.5
152692,2019-12-06 05:08:02,21.3,94.0,110.8,210.3
152694,2019-12-06 05:08:47,20.7,93.8,110.7,206.89999
152696,2019-12-06 05:09:33,21.3,93.9,111.6,215.7
152699,2019-12-06 05:10:40,21.8,94.0,109.8,211.3
153225,2019-12-06 08:33:59,22.1,94.6,129.0,323.5
153226,2019-12-06 08:34:22,22.6,94.7,130.10001,344.20001
156625,2019-12-07 06:05:28,18.1,99.9,131.60001,241.5
156805,2019-12-07 07:13:10,18.3,99.9,141.7,258.70001
156822,2019-12-07 07:19:35,18.9,99.9,140.3,283.29999
156823,2019-12-07 07:19:58,18.8,99.9,143.2,314.0
156824,2019-12-07 07:20:20,18.4,99.9,139.8,296.79999
156825,2019-12-07 07:20:43,18.4,99.9,137.3,277.89999
156826,2019-12-07 07:21:05,19.5,99.9,141.10001,306.39999
156827,2019-12-07 07:21:27,18.3,99.9,141.0,277.60001
156831,2019-12-07 07:22:59,18.4,99.9,142.10001,269.70001
156835,2019-12-07 07:24:29,18.5,99.9,142.3,274.29999
156836,2019-12-07 07:24:52,19.6,99.9,139.10001,266.20001
156838,2019-12-07 07:25:40,18.7,99.9,142.39999,284.10001
156839,2019-12-07 07:26:03,18.9,99.9,142.5,276.89999
156857,2019-12-07 07:32:51,19.4,98.9,137.5,281.89999
156858,2019-12-07 07:33:14,19.2,98.9,140.2,352.79999
156859,2019-12-07 07:33:37,19.6,99.1,142.89999,363.70001
156860,2019-12-07 07:33:59,19.7,99.1,141.3,332.0
156861,2019-12-07 07:34:22,19.5,99.1,135.5,275.39999
156862,2019-12-07 07:34:46,19.7,99.2,137.2,281.89999
156863,2019-12-07 07:35:09,19.6,99.3,139.60001,296.79999
156864,2019-12-07 07:35:32,19.6,99.4,137.8,284.29999
156865,2019-12-07 07:35:54,19.6,99.4,139.7,295.60001
156866,2019-12-07 07:36:17,19.7,99.5,141.2,299.79999
156867,2019-12-07 07:36:39,19.8,99.6,140.2,290.89999
156868,2019-12-07 07:37:01,19.1,99.5,139.0,295.60001
156869,2019-12-07 07:37:24,19.2,99.5,137.5,289.39999
156870,2019-12-07 07:37:46,20.2,99.8,138.2,274.20001
156871,2019-12-07 07:38:09,19.3,99.5,139.2,279.10001
156872,2019-12-07 07:38:31,19.7,99.7,140.5,279.89999
156873,2019-12-07 07:38:54,19.4,99.5,137.3,260.0
156874,2019-12-07 07:39:16,19.7,99.5,135.2,270.10001
156875,2019-12-07 07:39:39,19.4,99.3,135.0,265.20001
156877,2019-12-07 07:40:24,19.9,99.4,132.8,256.89999
156879,2019-12-07 07:41:09,19.5,99.2,130.89999,245.2
156882,2019-12-07 07:42:16,19.7,99.1,129.8,242.39999
156886,2019-12-07 07:43:49,19.6,98.6,130.5,239.60001
156970,2019-12-07 08:15:37,21.9,95.7,144.89999,256.10001
156971,2019-12-07 08:15:59,21.4,95.6,145.39999,263.39999
156974,2019-12-07 08:17:07,20.9,95.8,148.0,273.10001
156976,2019-12-07 08:17:52,21.3,96.0,144.3,258.10001
156978,2019-12-07 08:18:37,21.1,96.1,144.7,252.89999
156979,2019-12-07 08:18:59,20.9,96.1,147.5,263.10001
156980,2019-12-07 08:19:21,21.0,96.1,148.8,260.60001
156981,2019-12-07 08:19:43,21.3,96.2,150.5,261.29999
156982,2019-12-07 08:20:06,21.3,96.2,149.10001,259.89999
156984,2019-12-07 08:20:51,21.1,96.2,150.3,265.89999
156985,2019-12-07 08:21:14,21.7,96.4,151.0,266.89999
156987,2019-12-07 08:21:58,21.0,96.2,147.7,260.39999
156989,2019-12-07 08:22:43,20.6,96.0,149.60001,265.89999
156993,2019-12-07 08:24:13,21.9,96.2,148.2,262.79999
156998,2019-12-07 08:26:06,21.3,95.8,156.3,365.10001
156999,2019-12-07 08:26:29,21.3,95.7,165.39999,478.79999000000004
157000,2019-12-07 08:26:52,21.3,95.6,166.3,509.60000999999994
157001,2019-12-07 08:27:14,21.1,95.5,152.5,343.60001
157002,2019-12-07 08:27:37,21.5,95.6,151.0,318.39999
157003,2019-12-07 08:27:59,21.0,95.4,150.10001,288.60001
157004,2019-12-07 08:28:22,21.0,95.4,153.10001,300.10001
157005,2019-12-07 08:28:45,21.4,95.5,153.3,316.79999
157006,2019-12-07 08:29:07,20.9,95.3,150.2,327.5
157007,2019-12-07 08:29:30,20.9,95.3,151.8,322.39999
157008,2019-12-07 08:29:53,21.5,95.5,152.89999,360.10001
157009,2019-12-07 08:30:16,21.7,95.5,150.3,345.10001
157010,2019-12-07 08:30:38,21.5,95.6,147.39999,305.89999
157011,2019-12-07 08:31:01,21.0,95.4,145.5,272.20001
157012,2019-12-07 08:31:23,21.6,95.5,145.5,265.20001
157013,2019-12-07 08:31:45,22.1,95.4,145.0,268.89999
157014,2019-12-07 08:32:08,21.7,95.2,144.0,271.5
157015,2019-12-07 08:32:30,22.0,95.3,143.10001,268.89999
157016,2019-12-07 08:32:53,22.1,95.3,147.39999,268.70001
157017,2019-12-07 08:33:15,21.4,95.0,146.39999,278.29999
157018,2019-12-07 08:33:38,21.2,94.8,144.3,270.39999
157019,2019-12-07 08:34:00,21.6,94.9,144.10001,270.39999
157021,2019-12-07 08:34:46,21.9,94.9,145.3,275.39999
157022,2019-12-07 08:35:08,21.5,94.7,142.8,272.89999
157091,2019-12-07 09:01:06,22.0,93.0,122.3,254.3
157092,2019-12-07 09:01:29,22.5,93.2,123.5,269.5
157093,2019-12-07 09:01:51,22.0,93.2,122.0,228.5
157094,2019-12-07 09:02:13,22.5,93.2,119.8,228.2
157095,2019-12-07 09:02:36,22.3,93.1,119.6,247.5
157096,2019-12-07 09:02:58,22.0,92.9,118.4,216.10001
186664,2019-12-14 18:32:56,26.6,80.5,252.7,278.60001
186665,2019-12-14 18:33:19,26.4,80.4,249.60001,276.39999
192721,2019-12-16 08:39:11,22.3,99.6,36.4,178.39999
195224,2019-12-17 00:34:59,23.5,91.6,72.4,156.10001
195233,2019-12-17 00:38:23,23.6,91.8,71.9,156.2
196451,2019-12-17 08:25:39,21.3,99.9,84.9,187.0
196452,2019-12-17 08:26:02,20.9,99.9,85.6,176.10001
196477,2019-12-17 08:35:34,22.4,99.9,84.9,167.89999
198318,2019-12-17 20:10:26,24.4,88.2,60.1,157.3
199032,2019-12-18 00:49:11,20.5,98.4,102.0,189.39999
199038,2019-12-18 00:51:22,20.4,98.5,102.1,198.10001
199045,2019-12-18 00:54:04,20.4,98.6,101.1,201.60001
199046,2019-12-18 00:54:26,20.7,98.8,101.8,196.7
199049,2019-12-18 00:55:47,20.4,98.6,98.8,188.8
199056,2019-12-18 00:58:32,20.3,98.6,96.6,185.0
199064,2019-12-18 01:01:45,20.4,98.8,97.8,189.8
200271,2019-12-18 08:33:17,22.7,96.3,102.1,276.39999
200272,2019-12-18 08:33:33,23.5,96.6,100.9,260.60001
200279,2019-12-18 08:35:45,23.4,96.7,98.0,186.39999
200280,2019-12-18 08:36:03,23.5,96.8,104.9,245.2
200281,2019-12-18 08:36:21,23.4,96.7,103.2,218.8
202462,2019-12-18 22:10:18,23.5,93.3,95.3,197.2
202463,2019-12-18 22:10:42,23.8,93.3,92.6,190.0
202467,2019-12-18 22:12:15,23.4,93.2,92.7,184.8
202469,2019-12-18 22:13:05,23.7,93.3,93.6,187.0
202472,2019-12-18 22:14:15,24.2,93.3,91.0,184.3
204221,2019-12-19 09:15:20,24.2,96.7,100.2,200.3
204224,2019-12-19 09:16:14,23.8,96.4,98.4,191.7
206277,2019-12-19 21:13:58,23.6,91.6,94.3,217.5
206510,2019-12-19 22:43:04,22.8,94.6,106.5,203.8
207401,2019-12-20 04:24:01,22.4,94.0,93.0,195.60001
208027,2019-12-20 08:21:55,21.9,95.1,80.3,167.60001
208028,2019-12-20 08:22:18,22.2,95.1,117.7,532.7999900000001
208029,2019-12-20 08:22:41,22.9,95.3,84.7,242.7
208030,2019-12-20 08:23:03,22.3,95.1,84.9,236.0
208557,2019-12-20 11:45:40,28.7,73.9,69.7,197.3
208558,2019-12-20 11:46:03,28.6,72.7,75.2,234.0
208560,2019-12-20 11:46:48,28.6,72.9,79.2,245.7
208561,2019-12-20 11:47:11,29.2,72.6,65.5,166.2
208594,2019-12-20 11:59:51,29.5,70.5,93.2,339.10001
208595,2019-12-20 12:00:15,28.8,70.0,70.2,188.89999
208598,2019-12-20 12:01:23,28.3,69.8,76.5,232.60001
208599,2019-12-20 12:01:47,29.4,70.8,74.5,210.7
208600,2019-12-20 12:02:10,29.0,70.7,67.3,157.10001
208638,2019-12-20 12:16:48,29.4,64.7,85.9,290.60001
208639,2019-12-20 12:17:11,29.6,65.3,80.5,236.3
208640,2019-12-20 12:17:34,29.8,65.3,81.5,232.89999
208645,2019-12-20 12:19:37,29.5,65.6,72.3,177.60001
208646,2019-12-20 12:20:00,30.1,65.7,74.1,182.8
208647,2019-12-20 12:20:23,30.0,64.8,77.7,218.0
208648,2019-12-20 12:20:46,29.6,64.9,70.2,162.60001
208649,2019-12-20 12:21:09,29.5,64.8,67.2,151.3
208650,2019-12-20 12:21:32,30.0,65.6,86.4,314.89999
209363,2019-12-20 16:53:01,25.5,69.5,57.9,238.3
210176,2019-12-20 21:57:43,23.8,91.5,111.3,209.0
211701,2019-12-21 07:45:26,22.4,96.6,110.8,201.39999
211818,2019-12-21 08:30:05,22.7,94.9,98.2,201.3
211819,2019-12-21 08:30:28,23.0,94.9,100.8,230.89999
211820,2019-12-21 08:30:51,22.8,94.8,99.1,231.60001
213465,2019-12-21 18:58:44,25.7,86.4,826.7999900000001,990.2999900000001
213466,2019-12-21 18:59:07,25.1,86.1,442.29999000000004,495.79999000000004
217350,2019-12-22 19:58:55,24.7,82.1,70.8,163.7
217354,2019-12-22 20:00:28,24.2,81.8,76.2,171.2
219307,2019-12-23 08:31:08,21.6,98.8,108.3,267.29999
219308,2019-12-23 08:31:31,21.2,98.7,103.3,253.0
219607,2019-12-23 10:25:29,25.3,93.2,79.6,167.10001
231356,2019-12-24 08:58:32,22.3,99.3,68.5,242.39999
231357,2019-12-24 08:58:36,22.1,99.2,70.6,261.0
231358,2019-12-24 08:58:40,22.4,99.3,71.0,264.89999
231359,2019-12-24 08:58:44,22.4,99.3,72.1,268.39999
231360,2019-12-24 08:58:49,22.4,99.2,72.3,272.10001
231361,2019-12-24 08:58:53,22.4,99.2,72.2,272.79999
231362,2019-12-24 08:58:57,22.4,99.2,69.8,234.7
231363,2019-12-24 08:59:01,22.4,99.2,63.0,154.10001
263743,2020-01-06 08:35:59,21.1,99.9,59.9,144.2
263745,2020-01-06 08:36:07,21.0,99.9,61.0,168.5
263746,2020-01-06 08:36:12,20.9,99.9,60.8,168.3
263748,2020-01-06 08:36:19,20.9,99.9,63.7,191.5
263750,2020-01-06 08:36:27,20.9,99.9,63.8,197.7
263754,2020-01-06 08:36:43,20.7,99.9,62.0,169.8
263757,2020-01-06 08:36:55,21.3,99.9,59.9,140.8
263848,2020-01-06 08:43:04,21.1,99.9,66.5,234.3
263849,2020-01-06 08:43:08,21.2,99.9,68.4,251.89999
263850,2020-01-06 08:43:12,21.4,99.9,69.7,272.10001
263851,2020-01-06 08:43:16,21.4,99.9,70.6,279.0
263852,2020-01-06 08:43:20,21.4,99.9,69.3,264.79999
263853,2020-01-06 08:43:24,21.3,99.9,67.5,246.8
263854,2020-01-06 08:43:28,21.0,99.9,66.2,226.10001
263855,2020-01-06 08:43:32,21.4,99.9,64.0,209.60001
263857,2020-01-06 08:43:40,20.9,99.9,61.3,172.7
263858,2020-01-06 08:43:44,21.5,99.9,60.3,160.5
264451,2020-01-06 09:23:56,22.4,99.9,61.8,207.7
264452,2020-01-06 09:24:00,22.4,99.9,62.1,212.60001
264453,2020-01-06 09:24:04,22.4,99.9,63.2,227.3
264454,2020-01-06 09:24:08,22.4,99.9,63.1,228.60001
264455,2020-01-06 09:24:12,22.2,99.9,65.7,250.8
264456,2020-01-06 09:24:16,22.3,99.9,66.7,267.20001
264457,2020-01-06 09:24:20,22.4,99.9,68.6,284.89999
264458,2020-01-06 09:24:24,22.2,99.9,65.1,250.39999
264459,2020-01-06 09:24:28,22.4,99.9,63.7,229.5
264460,2020-01-06 09:24:32,22.4,99.9,63.8,227.60001
284711,2020-01-07 08:24:29,23.0,99.9,82.3,164.7
284904,2020-01-07 08:37:22,22.8,99.9,83.7,178.3
284905,2020-01-07 08:37:26,23.4,99.9,84.6,180.5
284906,2020-01-07 08:37:30,23.2,99.9,84.5,180.39999
284907,2020-01-07 08:37:34,23.4,99.9,84.3,174.3
307932,2020-01-10 08:48:49,20.9,99.9,109.8,200.2
308361,2020-01-10 09:18:56,21.5,99.9,108.9,294.20001
308362,2020-01-10 09:19:00,21.4,99.9,137.3,504.20000999999996
308363,2020-01-10 09:19:04,21.5,99.9,159.2,688.7000099999999
308364,2020-01-10 09:19:08,21.4,99.9,180.2,862.5999800000001
308365,2020-01-10 09:19:12,21.5,99.9,191.3,978.0999800000001
308366,2020-01-10 09:19:16,21.5,99.9,204.3,1098.9000199999998
308367,2020-01-10 09:19:20,21.4,99.9,216.7,1235.5999800000002
308368,2020-01-10 09:19:24,21.6,99.9,229.89999,1330.69995
308369,2020-01-10 09:19:28,21.5,99.9,215.8,1232.80005
308370,2020-01-10 09:19:32,21.5,99.9,230.2,1352.19995
308371,2020-01-10 09:19:37,21.4,99.9,224.60001,1308.0999800000002
308372,2020-01-10 09:19:40,21.5,99.9,219.89999,1267.0999800000002
308373,2020-01-10 09:19:45,21.6,99.9,222.7,1279.0
308374,2020-01-10 09:19:49,21.5,99.9,226.8,1297.9000199999998
308375,2020-01-10 09:19:53,21.4,99.9,229.89999,1320.0999800000002
308376,2020-01-10 09:19:57,21.5,99.9,228.0,1315.19995
308377,2020-01-10 09:20:01,21.4,99.9,225.60001,1298.0
308378,2020-01-10 09:20:05,21.5,99.9,210.0,1180.5999800000002
308379,2020-01-10 09:20:09,21.4,99.9,202.39999,1125.4000199999998
308380,2020-01-10 09:20:13,21.5,99.9,188.3,1009.2000099999999
308381,2020-01-10 09:20:17,21.5,99.9,175.60001,920.5999800000001
308382,2020-01-10 09:20:21,21.4,99.9,161.8,818.90002
308383,2020-01-10 09:20:25,21.6,99.9,149.5,704.7000099999999
308384,2020-01-10 09:20:29,21.5,99.9,137.39999,600.0
308385,2020-01-10 09:20:33,21.5,99.9,114.0,428.60000999999994
308386,2020-01-10 09:20:37,21.5,99.9,112.8,417.70001
308387,2020-01-10 09:20:41,21.5,99.9,112.6,416.20001
308388,2020-01-10 09:20:45,21.5,99.9,112.9,418.70001
308389,2020-01-10 09:20:49,21.5,99.9,110.7,390.29999
308390,2020-01-10 09:20:53,21.5,99.9,110.8,411.0
308391,2020-01-10 09:20:57,21.6,99.9,116.2,477.20000999999996
308392,2020-01-10 09:21:01,21.5,99.9,121.0,525.7000099999999
308393,2020-01-10 09:21:06,21.5,99.9,124.5,560.7999900000001
308394,2020-01-10 09:21:10,21.5,99.9,131.5,638.7000099999999
308395,2020-01-10 09:21:14,21.5,99.9,139.60001,713.7000099999999
308396,2020-01-10 09:21:18,22.2,99.9,144.89999,768.2999900000001
308397,2020-01-10 09:21:22,21.5,99.9,149.0,807.2999900000001
308398,2020-01-10 09:21:27,21.6,99.9,156.89999,868.0999800000001
308399,2020-01-10 09:21:31,21.6,99.9,165.8,948.2000099999999
308400,2020-01-10 09:21:35,22.4,99.9,167.2,975.0999800000001
308401,2020-01-10 09:21:39,22.4,99.9,164.60001,950.9000199999999
308402,2020-01-10 09:21:43,22.4,99.9,160.60001,928.7000099999999
308403,2020-01-10 09:21:47,22.4,99.9,157.0,896.5999800000001
308404,2020-01-10 09:21:51,22.3,99.9,154.5,878.0999800000001
308405,2020-01-10 09:21:55,22.8,99.9,143.60001,763.7999900000001
308406,2020-01-10 09:21:59,22.3,99.9,128.8,621.0
308407,2020-01-10 09:22:03,22.8,99.9,117.2,501.79999000000004
308408,2020-01-10 09:22:07,23.0,99.9,111.8,435.0
308409,2020-01-10 09:22:11,22.4,99.9,106.8,372.39999
308410,2020-01-10 09:22:15,23.0,99.9,102.4,316.20001
308411,2020-01-10 09:22:19,22.4,99.9,98.9,261.5
308412,2020-01-10 09:22:23,22.4,99.9,96.1,235.3
308413,2020-01-10 09:22:27,22.4,99.9,94.9,213.89999
308414,2020-01-10 09:22:31,22.5,99.9,95.0,199.8
309024,2020-01-10 10:05:01,24.2,99.9,96.1,210.0
309025,2020-01-10 10:05:05,24.1,99.9,97.4,220.0
309026,2020-01-10 10:05:09,24.1,99.9,99.1,243.8
309027,2020-01-10 10:05:13,24.2,99.9,100.2,253.89999
309028,2020-01-10 10:05:17,24.2,99.9,100.7,251.0
309029,2020-01-10 10:05:21,24.3,99.9,100.5,241.5
309030,2020-01-10 10:05:25,23.5,99.9,99.1,238.5
309031,2020-01-10 10:05:29,24.1,99.9,95.6,213.7
309032,2020-01-10 10:05:33,24.2,99.9,93.1,200.8
309033,2020-01-10 10:05:37,24.2,99.9,91.9,185.7
312279,2020-01-19 14:13:51,29.7,59.1,27.3,163.5
312280,2020-01-19 14:13:55,29.8,59.2,31.5,237.89999
312281,2020-01-19 14:13:59,30.2,59.5,34.4,283.29999
312282,2020-01-19 14:14:04,29.8,59.3,35.7,308.29999
312283,2020-01-19 14:14:08,29.9,59.3,36.4,316.5
312284,2020-01-19 14:14:12,29.8,59.3,36.5,324.29999
312285,2020-01-19 14:14:16,29.8,59.4,36.2,314.5
312286,2020-01-19 14:14:20,29.7,59.3,30.5,224.39999
312327,2020-01-19 14:17:13,29.4,61.3,22.8,120.6
312329,2020-01-19 14:17:21,30.1,61.9,22.3,113.6
312552,2020-01-19 14:33:17,29.7,64.0,24.0,118.6
312553,2020-01-19 14:33:21,29.3,63.8,25.7,144.3
312554,2020-01-19 14:33:25,29.4,64.2,26.4,152.10001
312556,2020-01-19 14:33:33,29.2,64.2,26.6,162.0
312557,2020-01-19 14:33:38,29.3,64.2,26.4,159.2
312558,2020-01-19 14:33:42,29.1,64.0,25.6,140.10001
312559,2020-01-19 14:33:46,29.2,64.1,24.0,111.1
346996,2020-01-23 03:53:28,22.1,99.9,93.0,180.39999
347006,2020-01-23 03:54:09,21.8,99.9,93.0,177.2
347008,2020-01-23 03:54:17,21.7,99.9,92.0,179.3
370416,2020-01-24 08:37:39,24.1,97.1,74.7,318.39999
370417,2020-01-24 08:37:43,24.1,97.1,78.3,363.70001
370418,2020-01-24 08:37:47,24.0,97.0,96.5,550.2000099999999
370419,2020-01-24 08:37:52,24.5,97.1,98.4,582.7000099999999
370420,2020-01-24 08:37:56,24.0,96.9,98.9,594.0
370421,2020-01-24 08:38:00,24.4,96.9,99.4,597.2999900000001
370422,2020-01-24 08:38:04,23.9,96.7,99.5,598.90002
370423,2020-01-24 08:38:08,24.1,96.7,77.2,396.10001
370424,2020-01-24 08:38:12,23.8,96.6,73.2,348.5
370520,2020-01-24 08:44:49,24.1,96.3,57.0,212.5
370521,2020-01-24 08:44:53,24.4,96.3,57.5,223.5
370522,2020-01-24 08:44:57,24.5,96.4,59.8,266.39999
370523,2020-01-24 08:45:01,24.4,96.3,65.6,345.89999
370524,2020-01-24 08:45:06,24.4,96.3,73.0,451.70000999999996
370525,2020-01-24 08:45:10,24.3,96.3,83.0,582.7000099999999
370526,2020-01-24 08:45:14,24.4,96.3,86.6,620.5
370527,2020-01-24 08:45:18,24.6,96.4,86.7,639.09998
370528,2020-01-24 08:45:22,24.4,96.3,88.7,664.40002
370529,2020-01-24 08:45:26,24.3,96.3,88.6,663.90002
370530,2020-01-24 08:45:30,24.3,96.3,85.9,621.2999900000001
370531,2020-01-24 08:45:35,24.3,96.3,89.1,646.5
370532,2020-01-24 08:45:39,24.4,96.3,89.3,655.90002
370533,2020-01-24 08:45:43,24.7,96.5,93.2,689.7999900000001
370534,2020-01-24 08:45:47,24.0,96.3,100.3,737.0
370535,2020-01-24 08:45:51,23.8,96.2,103.9,776.5
370536,2020-01-24 08:45:55,24.7,96.5,107.5,811.59998
370537,2020-01-24 08:45:59,24.0,96.3,111.6,862.5999800000001
370538,2020-01-24 08:46:03,24.5,96.4,109.3,828.90002
370539,2020-01-24 08:46:08,24.3,96.4,105.9,780.2999900000001
370540,2020-01-24 08:46:12,24.4,96.4,100.1,727.0
370541,2020-01-24 08:46:16,24.5,96.4,89.0,602.59998
370542,2020-01-24 08:46:20,24.4,96.4,83.0,527.2999900000001
370543,2020-01-24 08:46:24,24.4,96.4,77.1,462.10000999999994
370544,2020-01-24 08:46:28,24.5,96.4,72.9,400.0
370545,2020-01-24 08:46:32,24.5,96.4,67.7,335.60001
370546,2020-01-24 08:46:36,24.6,96.4,62.5,285.70001
370547,2020-01-24 08:46:40,24.3,96.3,60.8,260.29999
370548,2020-01-24 08:46:44,24.3,96.3,61.4,274.29999
370549,2020-01-24 08:46:48,24.1,96.3,61.9,293.0
370550,2020-01-24 08:46:52,24.3,96.3,63.0,316.70001
370551,2020-01-24 08:46:57,24.3,96.3,63.8,321.20001
370552,2020-01-24 08:47:01,24.5,96.4,64.7,341.39999
370553,2020-01-24 08:47:05,24.5,96.4,64.2,339.60001
370554,2020-01-24 08:47:09,24.4,96.3,61.7,308.70001
370555,2020-01-24 08:47:13,24.4,96.4,60.5,280.0
370556,2020-01-24 08:47:17,24.4,96.4,59.3,250.39999
370559,2020-01-24 08:47:29,24.4,96.3,57.7,225.10001
370560,2020-01-24 08:47:33,24.4,96.3,57.7,221.60001
370561,2020-01-24 08:47:37,24.5,96.4,60.9,255.8
370562,2020-01-24 08:47:41,24.5,96.4,63.2,274.39999
370563,2020-01-24 08:47:45,24.5,96.4,66.0,311.20001
370564,2020-01-24 08:47:49,24.4,96.3,69.2,354.5
370565,2020-01-24 08:47:54,24.4,96.3,72.2,392.20001
370566,2020-01-24 08:47:58,24.1,96.3,75.0,423.70000999999996
370567,2020-01-24 08:48:02,24.3,96.3,77.7,455.79999000000004
370568,2020-01-24 08:48:06,24.5,96.4,77.9,473.29999000000004
370569,2020-01-24 08:48:10,24.4,96.3,76.3,461.70000999999996
370570,2020-01-24 08:48:14,24.4,96.3,78.3,489.0
370571,2020-01-24 08:48:18,24.6,96.4,80.1,519.7999900000001
370572,2020-01-24 08:48:22,24.4,96.3,80.8,529.5
370573,2020-01-24 08:48:30,24.4,96.3,83.0,563.90002
370574,2020-01-24 08:48:34,24.4,96.3,84.6,588.2000099999999
370575,2020-01-24 08:48:38,24.6,96.4,86.7,607.2999900000001
370576,2020-01-24 08:48:42,24.3,96.3,88.3,627.2000099999999
370577,2020-01-24 08:48:46,24.3,96.3,89.0,638.0
370578,2020-01-24 08:48:50,24.3,96.4,90.6,652.90002
370579,2020-01-24 08:48:54,24.7,96.5,90.3,647.7999900000001
370580,2020-01-24 08:48:58,24.2,96.3,87.9,616.7999900000001
370581,2020-01-24 08:49:02,24.5,96.4,85.1,594.7000099999999
370582,2020-01-24 08:49:06,24.4,96.4,83.5,575.5
370583,2020-01-24 08:49:10,24.6,96.5,82.4,562.2000099999999
370584,2020-01-24 08:49:14,24.3,96.5,79.5,535.2999900000001
370585,2020-01-24 08:49:18,24.2,96.5,75.9,489.5
370586,2020-01-24 08:49:22,24.4,96.5,75.5,485.60000999999994
370587,2020-01-24 08:49:29,24.6,96.6,75.1,480.39999000000006
370588,2020-01-24 08:49:33,24.1,96.4,73.8,443.39999000000006
370589,2020-01-24 08:49:38,24.0,96.3,71.2,393.70001
370590,2020-01-24 08:49:41,24.5,96.4,67.5,331.10001
370591,2020-01-24 08:49:46,24.6,96.4,65.0,293.79999
370592,2020-01-24 08:49:50,24.4,96.3,63.0,250.10001
370593,2020-01-24 08:49:58,24.4,96.3,58.6,189.3
370599,2020-01-24 08:50:22,23.9,96.2,58.7,200.7
370600,2020-01-24 08:50:26,24.4,96.3,59.6,219.39999
370601,2020-01-24 08:50:31,24.7,96.4,60.5,234.8
370602,2020-01-24 08:50:35,24.3,96.2,60.5,234.5
370603,2020-01-24 08:50:39,24.5,96.2,60.5,238.5
370604,2020-01-24 08:50:43,24.4,96.1,61.1,248.3
370605,2020-01-24 08:50:47,24.6,96.2,59.6,225.7
370831,2020-01-24 09:07:32,24.5,95.0,52.7,185.5
370832,2020-01-24 09:07:36,24.3,94.9,54.2,211.7
370833,2020-01-24 09:07:41,24.3,94.9,54.4,217.8
370834,2020-01-24 09:07:45,24.2,94.9,53.8,202.10001
370835,2020-01-24 09:07:49,24.2,94.9,53.8,204.5
370836,2020-01-24 09:07:53,24.4,94.9,54.0,206.10001
370837,2020-01-24 09:07:57,24.6,95.0,53.9,196.2
370838,2020-01-24 09:08:01,24.4,94.9,53.0,180.3
370864,2020-01-24 09:09:51,24.6,94.9,60.1,253.10001
370865,2020-01-24 09:09:55,24.3,94.9,64.9,311.29999
370866,2020-01-24 09:10:03,24.6,95.0,67.6,350.10001
370867,2020-01-24 09:10:07,24.2,94.9,71.7,403.5
370868,2020-01-24 09:10:11,24.7,95.0,73.6,419.79999000000004
370869,2020-01-24 09:10:15,24.6,95.0,72.9,398.0
370870,2020-01-24 09:10:22,24.3,94.9,67.2,345.89999
370871,2020-01-24 09:10:29,24.4,95.0,62.1,288.0
370872,2020-01-24 09:10:33,24.6,95.1,59.9,254.0
370873,2020-01-24 09:10:37,24.6,95.1,58.7,246.5
370874,2020-01-24 09:10:41,24.4,95.0,65.0,308.10001
370875,2020-01-24 09:10:46,24.5,95.0,71.6,372.79999
370876,2020-01-24 09:10:56,24.5,95.0,74.6,402.10001
370877,2020-01-24 09:11:06,24.2,94.9,74.3,395.79999
370878,2020-01-24 09:11:10,24.6,95.0,73.5,375.29999
370879,2020-01-24 09:11:14,24.4,95.0,61.0,248.89999
390992,2020-01-25 08:54:12,24.4,98.1,75.2,221.5
390993,2020-01-25 08:54:16,24.7,98.2,82.2,297.0
390994,2020-01-25 08:54:21,24.3,98.1,86.7,338.0
390995,2020-01-25 08:54:25,24.2,98.1,89.0,373.70001
390996,2020-01-25 08:54:29,24.5,98.2,92.4,416.0
390997,2020-01-25 08:54:33,24.3,98.2,92.8,427.0
390998,2020-01-25 08:54:37,24.5,98.3,92.3,413.89999
390999,2020-01-25 08:54:41,24.0,98.1,85.3,346.10001
391000,2020-01-25 08:54:45,23.8,98.1,79.2,284.70001
391001,2020-01-25 08:54:49,24.2,98.2,76.5,258.70001
391002,2020-01-25 08:54:53,24.4,98.3,74.3,227.0
391003,2020-01-25 08:54:57,24.3,98.2,72.5,203.8
391005,2020-01-25 08:55:05,24.2,98.2,71.6,191.10001
391006,2020-01-25 08:55:09,24.3,98.3,71.8,192.8
391007,2020-01-25 08:55:13,24.6,98.3,72.5,196.5
391008,2020-01-25 08:55:17,24.4,98.3,72.1,199.3
391009,2020-01-25 08:55:21,24.3,98.2,72.4,200.0
391010,2020-01-25 08:55:25,24.3,98.2,72.0,195.89999
391011,2020-01-25 08:55:30,24.3,98.2,71.5,187.3
391014,2020-01-25 08:55:42,24.2,98.3,68.2,176.39999
391015,2020-01-25 08:55:46,24.4,98.3,66.2,162.3
391091,2020-01-25 09:00:58,24.9,97.4,61.6,154.39999
391092,2020-01-25 09:01:02,25.4,97.5,65.6,193.5
391093,2020-01-25 09:01:06,25.3,97.5,69.9,240.8
391094,2020-01-25 09:01:10,24.9,97.4,72.1,268.10001
391095,2020-01-25 09:01:14,25.3,97.5,74.4,301.70001
391096,2020-01-25 09:01:18,25.1,97.4,76.8,339.89999
391097,2020-01-25 09:01:22,24.9,97.4,77.2,358.60001
391098,2020-01-25 09:01:26,25.4,97.5,78.0,353.29999
391099,2020-01-25 09:01:30,25.3,97.5,76.9,349.29999
391100,2020-01-25 09:01:34,25.6,97.6,73.3,306.39999
391101,2020-01-25 09:01:38,25.1,97.4,70.7,272.89999
391102,2020-01-25 09:01:42,25.0,97.4,68.9,243.10001
391103,2020-01-25 09:01:46,25.3,97.5,66.3,209.2
391104,2020-01-25 09:01:50,24.4,97.3,64.2,183.10001
391105,2020-01-25 09:01:55,25.5,97.6,62.5,158.5
391106,2020-01-25 09:01:59,25.1,97.5,61.4,142.89999
392152,2020-01-25 10:13:48,27.0,93.5,64.4,217.89999
392153,2020-01-25 10:13:52,26.9,93.4,67.4,253.2
392154,2020-01-25 10:13:56,26.9,93.4,71.2,304.29999
392155,2020-01-25 10:14:00,27.0,93.5,72.2,320.10001
392156,2020-01-25 10:14:05,26.9,93.4,72.6,327.60001
392157,2020-01-25 10:14:09,26.9,93.5,72.2,320.89999
392158,2020-01-25 10:14:12,27.1,93.5,68.9,268.29999
392160,2020-01-25 10:14:21,27.4,93.6,64.1,214.89999
392161,2020-01-25 10:14:25,27.3,93.6,60.2,169.3
392163,2020-01-25 10:14:33,27.5,93.7,60.7,175.7
392165,2020-01-25 10:14:41,27.5,93.6,62.5,201.5
392166,2020-01-25 10:14:45,27.4,93.6,65.5,238.39999
392167,2020-01-25 10:14:50,27.2,93.5,67.4,254.89999
392168,2020-01-25 10:14:54,27.3,93.5,67.3,257.60001
392169,2020-01-25 10:14:58,27.2,93.5,67.4,259.60001
392170,2020-01-25 10:15:02,27.2,93.5,66.8,246.89999
392171,2020-01-25 10:15:06,26.9,93.4,66.2,240.0
392172,2020-01-25 10:15:10,27.1,93.4,67.9,260.29999
392173,2020-01-25 10:15:14,27.0,93.4,75.7,328.39999
392174,2020-01-25 10:15:18,27.2,93.4,76.1,323.89999
392175,2020-01-25 10:15:22,27.0,93.3,80.4,382.5
392176,2020-01-25 10:15:26,26.9,93.3,81.8,400.79999
392177,2020-01-25 10:15:30,27.0,93.3,83.8,419.89999000000006
392178,2020-01-25 10:15:35,27.7,93.6,84.4,416.60001
392179,2020-01-25 10:15:39,27.4,93.5,84.6,410.39999
392180,2020-01-25 10:15:43,27.8,93.6,74.1,313.79999
392181,2020-01-25 10:15:47,27.4,93.4,73.6,328.39999
392182,2020-01-25 10:15:51,27.2,93.3,78.8,382.29999
392183,2020-01-25 10:15:55,27.3,93.4,82.9,427.70000999999996
392184,2020-01-25 10:15:59,27.2,93.3,90.5,509.79999000000004
392185,2020-01-25 10:16:03,27.3,93.3,123.4,799.5
392186,2020-01-25 10:16:07,27.3,93.3,142.8,969.5
392187,2020-01-25 10:16:12,27.2,93.3,156.8,1101.9000199999998
392188,2020-01-25 10:16:16,27.3,93.3,162.0,1131.80005
392189,2020-01-25 10:16:20,27.3,93.3,163.5,1120.30005
392190,2020-01-25 10:16:24,27.0,93.2,165.5,1118.69995
392191,2020-01-25 10:16:28,27.2,93.2,167.8,1129.69995
392192,2020-01-25 10:16:32,27.4,93.3,147.7,975.9000199999999
392193,2020-01-25 10:16:37,26.9,93.1,130.0,839.2999900000001
392194,2020-01-25 10:16:41,27.5,93.3,122.2,771.09998
392195,2020-01-25 10:16:45,27.3,93.2,115.8,722.7000099999999
392196,2020-01-25 10:16:49,27.4,93.2,110.0,680.90002
392197,2020-01-25 10:16:53,27.4,93.2,101.2,607.0
392198,2020-01-25 10:16:58,27.5,93.2,89.2,487.0
392199,2020-01-25 10:17:02,27.3,93.2,82.8,407.10001
392200,2020-01-25 10:17:06,27.4,93.2,76.6,332.29999
392201,2020-01-25 10:17:10,27.0,93.1,70.4,263.10001
392202,2020-01-25 10:17:14,27.2,93.1,65.5,209.89999
392203,2020-01-25 10:17:18,27.2,93.1,62.0,170.8
392204,2020-01-25 10:17:23,27.5,93.2,61.5,158.3
392205,2020-01-25 10:17:27,27.2,93.1,61.5,150.89999
392206,2020-01-25 10:17:31,27.8,93.3,60.3,142.3
392213,2020-01-25 10:18:03,27.2,93.0,63.6,211.60001
392214,2020-01-25 10:18:08,27.4,93.0,64.3,218.39999
392215,2020-01-25 10:18:12,27.6,93.0,64.5,219.89999
392216,2020-01-25 10:18:16,27.5,93.0,66.9,251.60001
392217,2020-01-25 10:18:20,27.1,92.9,69.5,294.10001
392218,2020-01-25 10:18:24,27.2,92.9,70.4,309.89999
392219,2020-01-25 10:18:28,27.5,93.0,75.2,352.0
392220,2020-01-25 10:18:32,27.4,93.0,75.4,353.79999
392221,2020-01-25 10:18:37,27.7,93.1,81.3,427.0
392222,2020-01-25 10:18:41,27.2,93.0,84.4,468.20000999999996
392223,2020-01-25 10:18:45,27.5,93.1,83.6,459.20000999999996
392224,2020-01-25 10:18:49,27.7,93.1,80.0,403.79999
392225,2020-01-25 10:18:54,27.2,92.9,77.1,359.79999
392226,2020-01-25 10:18:58,27.8,93.1,68.2,261.29999
392232,2020-01-25 10:19:31,27.4,92.9,70.8,262.5
392233,2020-01-25 10:19:35,27.4,92.9,79.9,362.20001
392234,2020-01-25 10:19:39,27.5,92.9,81.1,383.5
392235,2020-01-25 10:19:43,27.4,92.9,84.1,419.39999
392236,2020-01-25 10:19:48,27.3,92.8,85.2,437.60000999999994
392237,2020-01-25 10:19:52,27.4,92.9,86.5,449.5
392238,2020-01-25 10:19:56,27.2,92.8,84.8,425.89999000000006
392239,2020-01-25 10:20:00,27.6,92.9,66.2,248.5
392321,2020-01-25 10:27:18,28.2,92.5,68.4,286.10001
392322,2020-01-25 10:27:23,27.6,92.3,71.2,335.20001
392323,2020-01-25 10:27:27,27.2,92.2,73.2,379.89999
392324,2020-01-25 10:27:31,27.5,92.3,75.1,413.20001
392325,2020-01-25 10:27:35,27.2,92.2,75.8,434.5
392326,2020-01-25 10:27:40,27.5,92.3,74.4,424.70000999999996
392327,2020-01-25 10:27:44,27.2,92.2,74.8,442.79999000000004
392328,2020-01-25 10:27:48,27.4,92.3,75.3,463.10000999999994
392329,2020-01-25 10:27:52,27.3,92.3,74.8,470.89999000000006
392330,2020-01-25 10:27:56,27.6,92.4,74.6,482.70000999999996
392331,2020-01-25 10:28:01,27.4,92.4,74.9,484.70000999999996
392332,2020-01-25 10:28:08,27.1,92.3,74.4,469.60000999999994
392333,2020-01-25 10:28:12,27.5,92.4,72.6,431.29999000000004
392334,2020-01-25 10:28:16,27.8,92.5,68.1,347.70001
392335,2020-01-25 10:28:21,27.7,92.5,64.0,281.70001
392336,2020-01-25 10:28:25,27.6,92.4,61.5,221.5
398324,2020-01-25 18:32:33,27.0,74.0,166.0,205.2
398325,2020-01-25 18:32:37,27.2,74.1,192.0,230.2
398326,2020-01-25 18:32:41,27.4,74.3,218.3,254.3
398327,2020-01-25 18:32:45,27.1,74.0,244.0,282.60001
398328,2020-01-25 18:32:50,27.2,74.1,267.29999,302.20001
398329,2020-01-25 18:32:54,27.3,74.2,288.0,323.5
398330,2020-01-25 18:33:00,27.2,74.2,299.60001,336.20001
398331,2020-01-25 18:33:04,27.3,74.4,295.60001,331.29999
398332,2020-01-25 18:33:08,27.3,74.4,283.29999,317.70001
398333,2020-01-25 18:33:12,27.3,74.4,255.39999,286.60001
398334,2020-01-25 18:33:17,26.9,74.0,223.0,250.2
398335,2020-01-25 18:33:21,27.2,74.3,190.39999,217.39999
398336,2020-01-25 18:33:25,27.2,74.3,157.8,186.7
400014,2020-01-25 20:46:24,26.0,91.8,62.6,142.89999
400019,2020-01-25 20:46:46,26.0,91.8,60.3,136.39999
406322,2020-01-26 04:19:08,21.0,99.9,63.1,146.0
406323,2020-01-26 04:19:12,21.1,99.9,63.8,147.39999
406325,2020-01-26 04:19:20,21.6,99.9,65.4,163.0
406326,2020-01-26 04:19:24,21.3,99.9,67.1,164.10001
406327,2020-01-26 04:19:28,21.3,99.9,67.6,165.60001
406337,2020-01-26 04:20:08,21.6,99.9,71.0,182.7
406338,2020-01-26 04:20:13,21.3,99.9,71.9,185.3
406339,2020-01-26 04:20:17,21.5,99.9,71.9,185.3
406342,2020-01-26 04:20:29,21.1,99.9,71.6,177.10001
406347,2020-01-26 04:20:50,21.4,99.9,70.3,170.2
406351,2020-01-26 04:21:06,21.2,99.9,68.0,163.10001
406352,2020-01-26 04:21:10,21.9,99.9,66.9,159.2
406368,2020-01-26 04:22:15,21.9,99.9,64.6,144.39999
406369,2020-01-26 04:22:19,21.9,99.9,64.1,147.8
406379,2020-01-26 04:23:01,21.3,99.9,72.1,158.8
406382,2020-01-26 04:23:13,22.6,99.9,75.4,175.89999
406383,2020-01-26 04:23:17,22.0,99.9,75.2,178.5
406384,2020-01-26 04:23:21,22.5,99.9,76.0,184.7
406385,2020-01-26 04:23:25,22.6,99.9,76.9,190.5
406386,2020-01-26 04:23:29,21.3,99.9,77.4,197.10001
406387,2020-01-26 04:23:33,22.3,99.9,77.8,197.2
406388,2020-01-26 04:23:38,22.0,99.9,77.0,193.60001
406389,2020-01-26 04:23:42,22.1,99.9,78.0,194.5
406391,2020-01-26 04:23:50,22.5,99.9,79.0,196.0
406399,2020-01-26 04:24:22,22.2,99.9,79.0,171.5
406531,2020-01-26 04:33:27,22.9,99.9,73.9,173.39999
406535,2020-01-26 04:33:43,22.8,99.9,74.0,179.60001
406537,2020-01-26 04:33:52,22.3,99.9,73.8,173.60001
406539,2020-01-26 04:34:00,22.8,99.9,73.0,162.2
406540,2020-01-26 04:34:04,22.5,99.9,72.9,164.5
430558,2020-01-27 08:35:30,24.3,99.7,71.0,150.2
430559,2020-01-27 08:35:34,23.9,99.6,70.5,151.10001
431020,2020-01-27 09:07:20,24.7,97.7,67.5,160.3
431056,2020-01-27 09:09:47,24.7,97.8,68.2,164.3
435026,2020-01-27 13:59:51,42.3,32.1,26.6,96.3
435090,2020-01-27 14:04:17,42.2,32.4,27.1,120.4
435281,2020-01-27 14:17:26,43.7,29.8,24.4,98.5
435327,2020-01-27 14:20:36,45.4,30.0,24.7,93.5
435368,2020-01-27 14:23:29,43.6,29.7,23.8,95.1
435373,2020-01-27 14:23:49,43.4,30.1,25.6,117.2
435374,2020-01-27 14:23:53,42.8,30.0,25.6,105.1
435375,2020-01-27 14:23:57,43.3,30.3,26.1,106.1
435376,2020-01-27 14:24:01,43.3,30.5,27.3,140.3
453140,2020-01-28 11:18:19,29.7,74.3,29.1,104.0
453141,2020-01-28 11:18:24,30.5,75.0,29.4,105.7
453142,2020-01-28 11:18:28,29.7,74.2,28.8,110.1
453143,2020-01-28 11:18:32,29.8,74.4,28.6,107.5
453219,2020-01-28 11:23:45,29.9,76.2,34.4,119.4
453220,2020-01-28 11:23:49,29.8,76.2,33.9,119.7
453259,2020-01-28 11:26:30,30.1,73.0,32.6,133.39999
453260,2020-01-28 11:26:35,30.1,73.1,33.2,138.89999
453262,2020-01-28 11:26:43,30.9,73.8,33.5,153.5
453264,2020-01-28 11:26:51,30.8,73.5,31.1,113.2
453265,2020-01-28 11:26:55,31.0,73.4,32.7,136.8
453267,2020-01-28 11:27:04,30.1,72.3,35.5,172.60001
453269,2020-01-28 11:27:12,30.7,72.7,38.3,200.10001
453271,2020-01-28 11:27:20,31.2,72.6,38.5,190.2
453272,2020-01-28 11:27:24,30.2,71.8,37.5,179.60001
453277,2020-01-28 11:27:44,30.1,71.6,34.6,131.5
453279,2020-01-28 11:27:53,30.6,71.8,36.5,166.5
453280,2020-01-28 11:27:57,30.2,71.4,36.3,162.60001
453281,2020-01-28 11:28:01,31.3,72.3,36.1,160.39999
453283,2020-01-28 11:28:09,30.3,71.8,34.2,146.39999
458086,2020-01-28 17:02:58,30.2,54.7,27.6,102.8
458087,2020-01-28 17:03:03,29.5,54.3,28.3,115.4
458088,2020-01-28 17:03:07,29.7,54.4,28.7,129.3
458090,2020-01-28 17:03:15,29.4,54.3,28.9,145.10001
458091,2020-01-28 17:03:19,29.6,54.4,29.2,148.8
458093,2020-01-28 17:03:27,29.8,54.5,27.1,123.9
458095,2020-01-28 17:03:36,29.7,54.5,26.7,108.3
471230,2020-01-29 08:43:46,23.9,95.4,45.3,159.2
471236,2020-01-29 08:44:11,24.6,95.5,47.6,199.7
471237,2020-01-29 08:44:15,24.5,95.5,48.9,214.39999
471238,2020-01-29 08:44:19,23.9,95.3,49.1,214.2
471239,2020-01-29 08:44:23,23.8,95.3,48.9,217.7
471240,2020-01-29 08:44:28,24.1,95.3,49.4,224.60001
471241,2020-01-29 08:44:32,24.1,95.3,49.4,223.10001
471242,2020-01-29 08:44:36,24.1,95.3,48.6,201.3
471243,2020-01-29 08:44:40,24.2,95.3,48.3,198.3
471363,2020-01-29 08:53:06,24.5,95.0,40.5,186.2
471364,2020-01-29 08:53:10,24.6,95.0,40.6,201.0
471365,2020-01-29 08:53:14,24.6,95.0,41.0,213.5
471366,2020-01-29 08:53:18,23.9,94.8,41.8,232.5
471367,2020-01-29 08:53:23,23.9,94.8,41.6,232.10001
471368,2020-01-29 08:53:27,24.1,94.8,42.1,230.3
471369,2020-01-29 08:53:31,24.4,94.8,42.2,224.5
471370,2020-01-29 08:53:35,24.1,94.7,42.7,238.7
471371,2020-01-29 08:53:40,24.1,94.7,43.3,247.2
471372,2020-01-29 08:53:44,23.4,94.5,43.0,242.60001
471373,2020-01-29 08:53:48,24.2,94.6,42.9,234.0
471374,2020-01-29 08:53:52,24.1,94.6,43.1,234.10001
471375,2020-01-29 08:53:56,23.6,94.4,42.8,235.39999
471376,2020-01-29 08:54:01,23.4,94.4,42.1,226.7
471377,2020-01-29 08:54:05,23.9,94.5,40.6,188.39999
471382,2020-01-29 08:54:26,24.3,94.5,38.5,176.89999
471383,2020-01-29 08:54:30,24.1,94.4,38.4,183.39999
471384,2020-01-29 08:54:34,24.5,94.4,39.1,196.3
471385,2020-01-29 08:54:39,24.5,94.4,38.8,205.89999
471386,2020-01-29 08:54:43,24.4,94.4,39.1,202.8
471388,2020-01-29 08:54:51,23.6,94.1,38.8,193.0
471389,2020-01-29 08:54:55,24.3,94.4,38.6,184.39999
471391,2020-01-29 08:55:04,24.1,94.4,37.0,153.2
471392,2020-01-29 08:55:08,24.3,94.4,37.7,154.60001
471409,2020-01-29 08:56:21,24.6,94.3,40.0,176.10001
471412,2020-01-29 08:56:34,24.4,94.2,39.2,167.8
471423,2020-01-29 08:57:20,24.6,94.1,37.8,161.0
471425,2020-01-29 08:57:28,24.3,94.0,39.5,178.10001
471426,2020-01-29 08:57:33,24.6,94.0,40.4,199.10001
471427,2020-01-29 08:57:37,24.4,94.0,41.4,215.3
471428,2020-01-29 08:57:41,24.6,94.0,41.8,234.0
471429,2020-01-29 08:57:45,24.7,94.0,42.1,241.0
471430,2020-01-29 08:57:50,24.8,94.1,42.8,253.10001
471431,2020-01-29 08:57:54,24.4,93.9,42.7,257.5
471432,2020-01-29 08:57:58,24.4,94.0,42.9,258.60001
471433,2020-01-29 08:58:02,24.4,94.0,42.3,243.7
471434,2020-01-29 08:58:07,24.1,93.8,42.2,241.3
471435,2020-01-29 08:58:11,24.3,93.9,41.4,213.5
471436,2020-01-29 08:58:15,24.4,93.9,40.5,193.8
471496,2020-01-29 09:02:28,23.8,93.5,41.3,204.60001
471497,2020-01-29 09:02:32,24.4,93.6,43.3,235.5
471499,2020-01-29 09:02:40,24.4,93.6,46.4,294.79999
471500,2020-01-29 09:02:45,24.3,93.6,46.2,295.39999
471502,2020-01-29 09:02:53,24.1,93.6,44.3,252.2
471503,2020-01-29 09:02:57,24.5,93.7,43.2,230.5
471504,2020-01-29 09:03:02,24.8,93.8,42.1,209.8
471505,2020-01-29 09:03:06,24.2,93.6,40.8,203.0
471506,2020-01-29 09:03:10,24.4,93.7,40.3,189.3
471507,2020-01-29 09:03:14,24.6,93.8,40.0,185.10001
471508,2020-01-29 09:03:19,24.2,93.7,40.7,199.89999
471509,2020-01-29 09:03:23,24.2,93.7,41.7,226.0
471510,2020-01-29 09:03:27,24.3,93.8,43.7,264.20001
471511,2020-01-29 09:03:31,24.4,93.8,45.3,281.70001
471512,2020-01-29 09:03:35,24.3,93.8,45.8,277.79999
471513,2020-01-29 09:03:40,23.9,93.7,45.6,267.70001
471515,2020-01-29 09:03:48,24.6,93.9,45.3,258.39999
471516,2020-01-29 09:03:52,24.2,93.8,44.3,233.60001
471517,2020-01-29 09:03:56,24.1,93.8,42.7,194.2
471518,2020-01-29 09:04:00,24.2,93.9,41.5,191.89999
471519,2020-01-29 09:04:05,24.5,94.0,41.8,199.0
471520,2020-01-29 09:04:09,24.4,94.0,42.2,203.8
471521,2020-01-29 09:04:13,24.3,94.0,42.9,216.60001
471522,2020-01-29 09:04:17,23.8,93.9,44.4,237.60001
471523,2020-01-29 09:04:22,24.2,94.0,46.0,269.89999
471524,2020-01-29 09:04:26,24.8,94.2,46.7,285.39999
471525,2020-01-29 09:04:30,24.2,94.0,47.6,285.10001
471526,2020-01-29 09:04:34,24.4,94.0,47.1,275.70001
471527,2020-01-29 09:04:38,24.3,94.0,47.3,280.70001
471528,2020-01-29 09:04:43,24.6,94.1,47.1,270.10001
471529,2020-01-29 09:04:47,24.4,94.0,45.3,245.0
471530,2020-01-29 09:04:51,24.3,94.0,44.2,224.60001
471531,2020-01-29 09:04:55,24.2,94.0,43.4,217.10001
471532,2020-01-29 09:05:00,24.4,94.0,41.5,192.8
471569,2020-01-29 09:07:36,24.1,93.9,43.6,208.7
471570,2020-01-29 09:07:40,24.7,94.1,46.0,230.5
471571,2020-01-29 09:07:44,24.8,94.1,47.0,247.5
471572,2020-01-29 09:07:49,24.3,93.9,46.6,232.3
471573,2020-01-29 09:07:53,24.2,93.9,45.6,214.89999
471574,2020-01-29 09:07:57,24.5,94.0,45.2,204.8
471575,2020-01-29 09:08:01,24.5,94.0,44.5,193.39999
472122,2020-01-29 09:46:52,26.1,90.6,44.9,188.39999
472123,2020-01-29 09:46:56,26.1,90.5,45.9,202.0
472124,2020-01-29 09:47:00,26.2,90.6,46.5,214.8
472125,2020-01-29 09:47:05,26.2,90.6,46.5,217.89999
472126,2020-01-29 09:47:09,26.4,90.8,47.6,236.0
472127,2020-01-29 09:47:13,26.2,90.7,49.8,259.5
472128,2020-01-29 09:47:17,25.8,90.6,51.2,284.5
472129,2020-01-29 09:47:21,26.2,90.7,51.2,276.0
472130,2020-01-29 09:47:26,26.0,90.6,49.6,256.29999
472131,2020-01-29 09:47:30,26.3,90.7,48.3,229.89999
472132,2020-01-29 09:47:34,25.9,90.5,47.4,220.10001
472133,2020-01-29 09:47:38,26.1,90.5,46.6,208.7
472134,2020-01-29 09:47:43,26.1,90.5,47.9,232.2
472135,2020-01-29 09:47:47,26.3,90.6,49.3,240.89999
472136,2020-01-29 09:47:51,26.0,90.4,48.8,244.7
472137,2020-01-29 09:47:55,26.3,90.5,50.7,258.79999
472138,2020-01-29 09:48:00,26.2,90.4,51.7,268.89999
472139,2020-01-29 09:48:04,26.1,90.3,52.1,279.79999
472140,2020-01-29 09:48:08,26.6,90.4,52.5,289.5
472141,2020-01-29 09:48:12,26.2,90.3,50.5,270.79999
472142,2020-01-29 09:48:17,26.1,90.2,48.9,252.0
472143,2020-01-29 09:48:21,26.3,90.3,49.1,261.39999
472144,2020-01-29 09:48:25,26.0,90.2,49.4,275.79999
472145,2020-01-29 09:48:29,26.1,90.2,50.1,301.10001
472146,2020-01-29 09:48:33,26.0,90.1,51.8,320.79999
472147,2020-01-29 09:48:38,26.1,90.1,54.0,351.5
472148,2020-01-29 09:48:42,26.1,90.1,54.3,346.39999
472149,2020-01-29 09:48:46,26.1,90.1,54.6,356.5
472150,2020-01-29 09:48:50,25.9,90.1,53.9,345.60001
472151,2020-01-29 09:48:54,26.2,90.3,51.8,317.0
472152,2020-01-29 09:48:59,26.2,90.4,50.2,296.29999
472153,2020-01-29 09:49:03,26.1,90.3,48.4,266.39999
472154,2020-01-29 09:49:07,26.1,90.4,44.8,220.89999
472155,2020-01-29 09:49:12,26.1,90.4,43.4,204.39999
472184,2020-01-29 09:51:15,26.1,90.2,44.6,137.89999
472203,2020-01-29 09:52:35,26.1,90.2,52.8,263.10001
472204,2020-01-29 09:52:39,26.1,90.2,58.3,328.20001
472205,2020-01-29 09:52:43,26.1,90.1,62.7,374.5
472206,2020-01-29 09:52:47,26.1,90.1,64.4,392.60001
472207,2020-01-29 09:52:52,26.4,90.2,64.1,392.0
472208,2020-01-29 09:52:56,26.2,90.1,63.3,386.0
472209,2020-01-29 09:53:03,26.0,90.0,61.2,370.0
472210,2020-01-29 09:53:07,26.4,90.2,54.7,302.29999
472211,2020-01-29 09:53:11,26.2,90.1,51.2,262.20001
472212,2020-01-29 09:53:16,26.1,90.1,49.8,259.60001
472213,2020-01-29 09:53:20,25.9,90.0,50.2,277.10001
472214,2020-01-29 09:53:24,26.4,90.1,49.7,269.89999
472215,2020-01-29 09:53:28,26.0,89.9,48.1,249.8
472216,2020-01-29 09:53:33,26.6,90.1,46.2,224.39999
472217,2020-01-29 09:53:37,26.2,90.0,44.1,197.8
476537,2020-01-29 15:07:15,36.0,48.6,21.9,107.2
476538,2020-01-29 15:07:20,35.0,48.0,21.3,90.8
476562,2020-01-29 15:10:15,34.4,46.1,36.0,430.39999000000006
476563,2020-01-29 15:10:19,33.3,47.7,36.0,430.39999000000006
477194,2020-01-29 18:12:02,2.4,15.4,20.8,89.0
477195,2020-01-29 18:12:19,2.0,15.2,22.1,102.0
477196,2020-01-29 18:12:36,2.5,15.9,23.0,104.7
477202,2020-01-29 18:14:21,1.6,15.8,22.9,107.4
477203,2020-01-29 18:14:38,1.0,15.4,23.8,119.2
477204,2020-01-29 18:14:55,1.5,15.9,23.9,113.9
477205,2020-01-29 18:15:11,1.4,15.9,23.8,123.8
477208,2020-01-29 18:16:02,1.6,16.3,24.2,138.60001
477209,2020-01-29 18:16:19,1.3,16.1,23.6,129.3
477212,2020-01-29 18:17:10,1.4,16.5,21.9,102.7
477381,2020-01-29 19:06:32,1.8,25.4,24.6,89.0
477385,2020-01-29 19:07:39,2.5,25.7,24.0,101.0
479297,2020-01-30 04:34:36,-1.0,25.0,84.8,168.0
479303,2020-01-30 04:36:17,-0.9,25.0,87.9,177.7
480108,2020-01-30 08:23:52,-0.8,26.1,73.3,235.10001
480109,2020-01-30 08:24:09,-0.7,26.1,80.7,334.79999
480118,2020-01-30 08:26:42,-0.6,26.1,75.8,259.70001
480119,2020-01-30 08:26:59,-0.8,26.1,81.8,337.79999
480120,2020-01-30 08:27:16,-0.2,26.1,76.2,237.60001
480122,2020-01-30 08:27:52,-0.3,26.1,72.2,162.0
480123,2020-01-30 08:28:09,0.5,26.1,83.4,287.0
480124,2020-01-30 08:28:26,-0.8,26.1,85.1,305.0
480125,2020-01-30 08:28:43,-0.7,26.1,84.0,320.5
480126,2020-01-30 08:29:00,0.4,26.1,77.6,269.10001
480127,2020-01-30 08:29:16,-0.9,26.1,71.6,175.2
480128,2020-01-30 08:29:33,0.5,26.1,74.3,191.0
480129,2020-01-30 08:29:50,-0.9,26.1,73.3,177.89999
480130,2020-01-30 08:30:07,-1.0,26.1,73.5,186.89999
480131,2020-01-30 08:30:24,-0.8,26.1,75.4,194.89999
480132,2020-01-30 08:30:41,-0.9,26.1,78.4,230.7
480133,2020-01-30 08:30:58,0.5,26.1,76.2,222.0
480401,2020-01-30 09:46:38,-0.9,26.1,95.2,202.3
480404,2020-01-30 09:47:28,-0.1,26.1,98.4,188.7
480405,2020-01-30 09:47:45,-0.4,26.1,106.8,272.10001
480406,2020-01-30 09:48:02,-0.5,26.0,101.5,223.3
480426,2020-01-30 09:53:35,0.5,25.7,93.0,198.2
480427,2020-01-30 09:53:52,0.1,25.4,124.4,505.5
480428,2020-01-30 09:54:09,-0.7,25.1,148.39999,727.0
480429,2020-01-30 09:54:25,0.5,25.5,143.0,686.40002
480430,2020-01-30 09:54:42,-0.8,25.1,121.1,451.10000999999994
480431,2020-01-30 09:54:59,-0.3,25.2,101.3,262.89999
480432,2020-01-30 09:55:15,-0.4,25.2,98.3,227.10001
480433,2020-01-30 09:55:32,-0.6,25.0,115.2,412.89999
480434,2020-01-30 09:55:49,1.0,25.3,131.8,598.7000099999999
480435,2020-01-30 09:56:05,1.2,25.3,167.10001,856.2999900000001
480436,2020-01-30 09:56:22,1.0,25.1,197.7,1065.30005
480437,2020-01-30 09:56:39,1.2,25.1,164.0,861.5
480438,2020-01-30 09:56:56,0.3,24.9,146.60001,740.7999900000001
480439,2020-01-30 09:57:12,1.2,25.0,112.4,384.60001
480440,2020-01-30 09:57:29,1.3,25.0,98.3,244.0
480441,2020-01-30 09:57:46,0.5,24.8,97.5,230.39999
480442,2020-01-30 09:58:02,1.1,24.7,134.7,620.09998
480443,2020-01-30 09:58:19,1.4,24.7,157.7,863.2999900000001
480444,2020-01-30 09:58:36,1.3,24.6,125.8,570.7999900000001
480445,2020-01-30 09:58:52,0.4,24.4,106.2,377.70001
480446,2020-01-30 09:59:09,1.1,24.4,102.5,355.89999
480447,2020-01-30 09:59:26,1.4,24.5,99.6,298.79999
480448,2020-01-30 09:59:42,0.3,24.2,102.0,322.10001
480449,2020-01-30 09:59:59,1.1,24.3,102.7,327.29999
480450,2020-01-30 10:00:21,1.5,24.5,96.8,251.0
480454,2020-01-30 10:01:28,1.4,24.0,89.7,183.10001
480511,2020-01-30 10:17:33,0.5,23.2,87.4,195.60001
480524,2020-01-30 10:21:22,0.4,24.3,89.3,206.3
480525,2020-01-30 10:21:39,1.2,24.5,91.2,193.0
480560,2020-01-30 10:31:31,1.9,22.0,87.0,223.8
480582,2020-01-30 10:37:43,1.0,20.8,82.9,171.39999
480583,2020-01-30 10:38:00,1.4,20.9,86.5,221.3
480585,2020-01-30 10:38:34,2.5,20.6,88.0,183.7
480616,2020-01-30 10:47:23,2.3,19.3,81.1,202.3
480617,2020-01-30 10:47:39,2.5,19.3,81.5,232.0
485210,2020-01-31 08:30:10,0.0,19.7,42.0,212.60001
485376,2020-01-31 09:18:00,0.4,18.3,34.7,139.8
485389,2020-01-31 09:21:43,0.4,18.2,51.7,256.39999
485390,2020-01-31 09:22:00,0.4,18.2,58.7,315.89999
485391,2020-01-31 09:22:17,-1.0,18.3,38.5,164.89999
485392,2020-01-31 09:22:34,-0.8,18.4,38.9,194.10001
485393,2020-01-31 09:22:51,-0.7,18.4,135.10001,967.5999800000001
485394,2020-01-31 09:23:08,0.4,18.3,149.39999,1102.5
485395,2020-01-31 09:23:25,0.3,18.2,58.7,397.10001
485508,2020-01-31 09:55:20,0.5,16.6,30.0,105.3
490418,2020-02-01 09:06:54,0.2,26.1,68.0,268.70001
490419,2020-02-01 09:07:11,0.5,26.1,63.0,206.8
500471,2020-02-03 08:38:23,-0.6,26.1,48.5,203.5
500472,2020-02-03 08:38:40,-0.6,26.1,48.4,211.39999
511413,2020-02-05 12:32:21,2.3,14.0,37.0,41.4
511728,2020-02-05 14:01:33,-1.9,13.6,19.1,78.1
515733,2020-02-06 08:57:53,-0.3,21.3,31.0,181.7
515734,2020-02-06 08:58:10,0.3,21.5,28.1,119.6
515739,2020-02-06 08:59:35,-0.1,21.6,27.1,121.1
515740,2020-02-06 08:59:51,-0.8,21.4,29.4,176.5
515741,2020-02-06 09:00:08,-0.5,21.5,32.7,248.89999
515742,2020-02-06 09:00:25,0.3,21.8,30.5,203.39999
515746,2020-02-06 09:01:33,0.5,22.0,28.8,140.0
515747,2020-02-06 09:01:50,1.1,22.1,29.7,166.7
515748,2020-02-06 09:02:07,1.0,22.1,27.9,134.5
515749,2020-02-06 09:02:24,1.1,22.2,28.3,119.2
515755,2020-02-06 09:04:05,1.1,22.4,28.5,124.4
515756,2020-02-06 09:04:22,0.0,22.2,28.2,135.60001
515779,2020-02-06 09:10:51,0.4,20.8,29.7,132.5
515780,2020-02-06 09:11:08,0.1,20.7,36.9,236.2
515781,2020-02-06 09:11:25,1.3,21.0,36.6,223.5
515782,2020-02-06 09:11:41,0.5,20.9,29.5,116.6
516598,2020-02-06 13:03:44,-0.8,10.4,19.7,139.39999
520696,2020-02-07 08:26:52,-0.6,26.1,46.7,239.2
520943,2020-02-07 10:02:49,1.7,19.6,18.4,73.0
520947,2020-02-07 10:03:57,1.2,18.7,18.2,71.3
521224,2020-02-07 11:21:35,1.8,3.8,17.8,79.6
540797,2020-02-11 08:39:06,-0.3,26.1,58.9,158.8
543187,2020-02-11 20:33:20,0.0,25.7,64.5,146.60001
543197,2020-02-11 20:36:10,-0.2,25.7,66.4,150.2
543198,2020-02-11 20:36:28,-0.2,25.7,65.6,151.10001
543199,2020-02-11 20:36:46,-0.3,25.7,66.8,145.3
543201,2020-02-11 20:37:21,-0.3,25.7,69.0,156.8
543208,2020-02-11 20:39:19,-0.1,25.8,67.4,154.3
545704,2020-02-12 08:32:31,0.5,26.1,75.2,200.3
545705,2020-02-12 08:32:47,-0.6,26.1,74.5,200.7
550604,2020-02-13 08:27:27,0.5,23.1,66.0,213.7
550605,2020-02-13 08:27:44,-0.9,23.2,65.3,224.0
550731,2020-02-13 09:03:21,-0.2,19.1,54.8,230.3
550732,2020-02-13 09:03:38,-0.3,19.0,51.6,179.39999
550749,2020-02-13 09:08:27,-0.2,18.9,55.0,237.0
550750,2020-02-13 09:08:44,-0.6,18.9,51.8,179.8
550817,2020-02-13 09:27:39,1.2,17.8,58.4,232.3
550818,2020-02-13 09:27:56,0.2,17.6,71.9,418.20001
550819,2020-02-13 09:28:13,0.0,17.7,63.7,332.5
550820,2020-02-13 09:28:30,-0.1,17.7,59.7,258.10001
550823,2020-02-13 09:29:21,-0.2,17.6,58.4,274.39999
550824,2020-02-13 09:29:37,0.0,17.7,60.3,292.20001
550825,2020-02-13 09:29:54,-0.1,17.7,61.8,288.89999
550826,2020-02-13 09:30:11,-0.2,17.7,59.1,264.39999
550827,2020-02-13 09:30:28,-0.1,17.9,53.9,192.2
551327,2020-02-13 11:53:03,1.2,4.7,32.7,135.10001
554017,2020-02-14 02:03:55,-0.5,18.2,57.0,193.39999
554020,2020-02-14 02:04:46,0.2,18.5,56.1,171.60001
554022,2020-02-14 02:05:19,-0.3,18.4,58.1,186.7
554023,2020-02-14 02:05:36,0.3,18.6,58.6,197.60001
554024,2020-02-14 02:05:53,-0.2,18.4,58.9,209.10001
554025,2020-02-14 02:06:10,0.3,18.5,58.8,199.3
554033,2020-02-14 02:08:27,-0.3,18.3,58.4,193.89999
554056,2020-02-14 02:14:56,0.5,19.0,58.2,195.0
554057,2020-02-14 02:15:13,-0.1,19.4,57.6,195.8
554058,2020-02-14 02:15:30,-0.2,19.4,59.0,191.39999
554065,2020-02-14 02:17:28,0.5,19.4,58.6,169.39999
554070,2020-02-14 02:18:53,0.0,19.6,60.2,183.7
554941,2020-02-14 06:24:31,0.4,18.4,45.4,148.0
554943,2020-02-14 06:25:05,0.3,18.4,46.0,148.5
554954,2020-02-14 06:28:11,-1.0,18.7,47.4,149.0
555017,2020-02-14 06:45:56,0.4,19.4,53.2,180.10001
555079,2020-02-14 07:03:24,0.5,19.8,53.5,184.8
555080,2020-02-14 07:03:41,0.2,19.7,53.5,187.7
555081,2020-02-14 07:03:57,0.0,19.6,54.9,179.3
555246,2020-02-14 07:50:30,-0.3,17.1,57.5,144.2
555247,2020-02-14 07:50:47,0.4,17.3,58.3,143.60001
555248,2020-02-14 07:51:03,0.1,17.2,57.4,142.7
555264,2020-02-14 07:55:34,0.3,16.9,57.7,152.8
555269,2020-02-14 07:56:59,0.1,17.1,61.2,166.5
555277,2020-02-14 07:59:14,0.5,16.5,61.4,157.3
555278,2020-02-14 07:59:30,-1.0,16.5,60.1,157.7
555284,2020-02-14 08:01:12,0.0,15.5,60.2,172.5
555285,2020-02-14 08:01:29,0.5,15.7,61.8,180.60001
555288,2020-02-14 08:02:19,-0.9,13.9,63.4,172.60001
555291,2020-02-14 08:03:10,-1.0,12.7,64.4,189.10001
555293,2020-02-14 08:03:44,-0.9,13.1,63.9,197.8
555294,2020-02-14 08:04:01,0.5,13.4,63.5,201.7
555298,2020-02-14 08:05:08,0.4,13.3,62.3,176.89999
555303,2020-02-14 08:06:33,-0.3,13.8,64.5,193.10001
555304,2020-02-14 08:06:50,-0.5,13.7,64.2,192.39999
555305,2020-02-14 08:07:07,-0.6,13.2,62.9,194.8
555307,2020-02-14 08:07:40,-0.7,12.8,63.5,199.10001
555308,2020-02-14 08:07:57,0.1,13.4,61.7,180.10001
555310,2020-02-14 08:08:31,-0.2,13.2,62.1,186.39999
555317,2020-02-14 08:10:29,-0.2,11.9,63.0,200.7
555319,2020-02-14 08:11:03,-0.2,11.8,62.1,178.10001
555325,2020-02-14 08:12:45,0.1,11.5,60.1,182.10001
555349,2020-02-14 08:19:31,0.2,8.3,58.5,199.39999
555350,2020-02-14 08:19:48,0.0,7.5,58.0,201.2
555360,2020-02-14 08:22:37,0.1,6.2,56.0,198.89999
555361,2020-02-14 08:22:54,0.2,6.3,55.7,186.2
555415,2020-02-14 08:38:07,-0.5,3.7,53.1,184.3
555421,2020-02-14 08:39:48,-0.3,3.6,57.2,248.89999
555422,2020-02-14 08:40:05,-0.3,3.7,61.2,299.70001
555423,2020-02-14 08:40:22,0.0,3.9,59.4,276.39999
555424,2020-02-14 08:40:39,-0.7,3.5,58.1,268.5
555425,2020-02-14 08:40:55,-0.3,3.8,54.8,200.0
555444,2020-02-14 08:46:17,-0.1,3.2,57.1,171.5
555468,2020-02-14 08:53:02,0.3,27.5,56.5,205.8
555469,2020-02-14 08:53:19,0.2,27.4,57.5,206.3
555473,2020-02-14 08:54:27,-0.3,26.9,57.2,199.60001
555689,2020-02-14 09:57:16,1.9,15.5,46.0,186.2
555699,2020-02-14 10:00:14,2.0,14.1,44.2,186.39999
555739,2020-02-14 10:11:33,1.6,6.9,29.1,104.3
555746,2020-02-14 10:13:32,1.9,7.7,35.6,189.10001
555747,2020-02-14 10:13:49,2.0,8.1,38.6,230.5
555748,2020-02-14 10:14:06,2.3,7.3,45.0,283.5
555749,2020-02-14 10:14:23,1.2,7.8,45.1,257.39999
555750,2020-02-14 10:14:39,1.3,7.7,36.1,154.89999
555751,2020-02-14 10:14:56,2.5,7.5,41.8,242.89999
555752,2020-02-14 10:15:13,1.5,7.7,40.6,234.89999
555760,2020-02-14 10:17:29,1.8,8.3,34.8,140.39999
555761,2020-02-14 10:17:45,1.5,7.5,39.6,218.60001
555762,2020-02-14 10:18:05,1.6,7.2,36.7,151.2
555767,2020-02-14 10:19:29,1.7,6.9,33.4,134.8
555768,2020-02-14 10:19:46,2.2,7.1,33.9,150.39999
555846,2020-02-14 10:42:01,2.4,26.4,34.9,182.39999
555847,2020-02-14 10:42:18,1.5,3.2,33.8,164.7
555848,2020-02-14 10:42:35,1.3,2.8,51.8,326.70001
555849,2020-02-14 10:42:52,1.2,2.8,53.9,371.0
555850,2020-02-14 10:43:09,2.1,3.7,31.1,130.39999
555855,2020-02-14 10:44:36,1.2,26.0,39.1,211.60001
555856,2020-02-14 10:44:53,1.0,26.0,42.4,257.20001
555870,2020-02-14 10:48:51,1.9,26.5,31.4,137.5
555871,2020-02-14 10:49:07,2.2,26.4,34.6,175.5
555872,2020-02-14 10:49:24,2.5,26.5,38.8,244.2
555873,2020-02-14 10:49:41,1.9,26.0,37.0,214.10001
555898,2020-02-14 10:56:44,1.7,26.1,29.1,115.2
555899,2020-02-14 10:57:01,2.3,25.7,43.2,266.70001
555900,2020-02-14 10:57:18,1.4,25.9,52.7,426.0
555901,2020-02-14 10:57:35,2.3,25.3,61.4,559.0
555902,2020-02-14 10:57:52,1.2,25.5,42.6,308.60001
555903,2020-02-14 10:58:09,1.2,25.4,31.4,131.5
558101,2020-02-14 22:04:42,1.7,3.8,45.9,146.8
559192,2020-02-15 03:24:44,-0.2,13.6,36.8,148.5
559288,2020-02-15 03:51:37,-0.2,14.8,38.5,155.3
559316,2020-02-15 03:59:28,0.5,16.5,43.4,197.39999
559317,2020-02-15 03:59:45,0.4,16.5,43.1,186.2
559323,2020-02-15 04:01:26,0.1,16.6,41.8,184.0
559332,2020-02-15 04:03:58,0.2,16.7,39.8,169.39999
559352,2020-02-15 04:09:35,0.1,16.7,44.1,179.89999
559356,2020-02-15 04:10:42,0.2,16.6,42.3,186.0
559362,2020-02-15 04:12:23,0.2,16.7,42.7,190.8
559366,2020-02-15 04:13:31,0.2,16.7,42.6,191.8
559367,2020-02-15 04:13:47,0.2,16.6,42.4,194.7
559401,2020-02-15 04:23:22,-0.4,17.4,41.1,164.5
559450,2020-02-15 04:37:06,-0.5,17.7,41.4,158.0
559622,2020-02-15 05:25:23,-0.2,17.6,46.6,192.60001
559627,2020-02-15 05:26:47,-0.1,17.6,46.4,189.0
559639,2020-02-15 05:30:09,-0.2,17.7,47.5,173.7
559640,2020-02-15 05:30:26,-0.3,17.7,46.7,168.2
559643,2020-02-15 05:31:16,-0.3,17.7,45.0,184.39999
559731,2020-02-15 05:55:57,0.1,18.1,44.9,146.10001
559742,2020-02-15 05:59:01,-0.3,17.9,45.6,158.10001
567120,2020-02-16 18:10:53,2.4,26.1,37.9,275.79999
567121,2020-02-16 18:11:10,1.0,2.0,38.9,246.3
567307,2020-02-16 19:03:21,1.9,20.3,58.6,145.0
567309,2020-02-16 19:03:55,1.4,20.2,63.5,202.3
567310,2020-02-16 19:04:11,1.5,20.3,60.9,197.10001
567339,2020-02-16 19:13:01,28.2,71.3,56.5,195.2
567340,2020-02-16 19:13:17,28.6,71.9,102.2,910.4000199999999
567341,2020-02-16 19:13:34,28.1,71.5,131.60001,1303.4000199999998
567342,2020-02-16 19:13:50,28.2,71.5,137.89999,912.2000099999999
567343,2020-02-16 19:14:07,28.4,71.8,156.3,973.0
567393,2020-02-16 19:28:17,27.6,73.5,71.7,158.8
567417,2020-02-16 19:35:20,27.8,73.9,62.9,148.5
570284,2020-02-17 09:01:39,26.5,82.4,31.2,116.2
570289,2020-02-17 09:03:03,26.5,82.4,39.8,220.5
570290,2020-02-17 09:03:20,26.2,82.1,40.7,235.10001
570291,2020-02-17 09:03:37,26.2,82.1,34.4,138.3
571498,2020-02-17 14:42:38,40.6,34.6,28.3,102.1
575297,2020-02-18 08:42:46,23.9,57.2,26.1,137.10001
575298,2020-02-18 08:43:03,24.3,57.3,29.7,180.10001
575299,2020-02-18 08:43:20,25.3,57.8,29.7,185.89999
575300,2020-02-18 08:43:36,24.8,57.4,26.6,140.8
575306,2020-02-18 08:45:17,24.1,57.1,26.2,164.2
575377,2020-02-18 09:05:10,25.6,54.7,18.6,103.4
575378,2020-02-18 09:05:27,25.6,54.5,22.3,156.60001
575379,2020-02-18 09:05:43,25.7,54.6,23.8,179.5
575382,2020-02-18 09:06:34,25.3,54.5,28.8,262.89999
575383,2020-02-18 09:06:50,25.3,54.5,29.2,279.89999
575384,2020-02-18 09:07:07,25.4,54.3,18.9,135.0
575391,2020-02-18 09:09:05,25.1,54.5,15.6,83.4
575392,2020-02-18 09:09:22,25.1,54.5,40.0,427.39999000000006
575393,2020-02-18 09:09:39,25.1,54.3,28.6,267.89999
575395,2020-02-18 09:10:12,25.3,54.6,18.9,117.7
575396,2020-02-18 09:10:29,25.4,54.6,21.7,164.5
575397,2020-02-18 09:10:46,25.2,54.7,18.5,126.3
575400,2020-02-18 09:11:36,25.0,53.9,30.4,246.0
575401,2020-02-18 09:11:53,25.2,53.8,31.9,261.10001
575402,2020-02-18 09:12:10,25.3,53.9,24.7,172.7
575403,2020-02-18 09:12:27,25.7,54.1,18.7,98.3
575410,2020-02-18 09:14:24,25.9,52.9,23.1,147.0
575411,2020-02-18 09:14:41,25.5,52.5,20.4,123.2
575413,2020-02-18 09:15:14,25.7,52.5,21.5,146.10001
575414,2020-02-18 09:15:31,25.8,52.5,23.5,168.0
576127,2020-02-18 12:38:51,35.5,27.7,10.5,76.3
576185,2020-02-18 12:55:38,35.2,22.2,5.2,35.5
576186,2020-02-18 12:55:55,35.6,22.2,5.1,35.2
577549,2020-02-18 19:27:22,28.7,44.3,19.6,79.8
580531,2020-02-19 09:27:57,25.7,94.3,89.1,539.09998
580532,2020-02-19 09:28:14,25.3,94.0,140.5,1033.0
580533,2020-02-19 09:28:31,25.8,94.0,66.5,373.60001
580534,2020-02-19 09:28:48,25.5,93.9,57.1,287.0
580535,2020-02-19 09:29:04,25.7,94.0,67.5,409.10001
580536,2020-02-19 09:29:21,25.8,94.0,52.8,267.29999
580551,2020-02-19 09:33:35,25.9,93.6,45.1,213.39999
580552,2020-02-19 09:33:52,26.1,93.5,48.1,249.8
585334,2020-02-20 08:53:38,23.4,99.9,67.9,282.29999
585335,2020-02-20 08:53:55,24.3,99.9,70.8,311.79999
597439,2020-02-22 19:09:04,28.2,58.2,162.10001,176.2
597440,2020-02-22 19:09:21,28.7,58.6,169.5,184.39999
597442,2020-02-22 19:09:54,28.6,58.6,263.5,288.29999
597443,2020-02-22 19:10:11,28.9,58.9,370.60001,402.79999
597444,2020-02-22 19:10:30,28.9,59.0,101.1,112.1
610150,2020-02-25 08:39:19,26.0,94.0,34.6,158.60001
610151,2020-02-25 08:39:36,26.0,94.0,37.9,208.3
610152,2020-02-25 08:39:52,25.8,93.9,35.5,157.39999
610166,2020-02-25 08:43:44,27.1,94.0,45.6,315.29999
610167,2020-02-25 08:44:01,26.8,93.9,58.4,522.2000099999999
610168,2020-02-25 08:44:17,26.7,93.9,56.6,509.70000999999996
610169,2020-02-25 08:44:34,27.0,93.9,46.4,322.10001
610173,2020-02-25 08:45:40,27.1,94.0,39.3,170.39999
610213,2020-02-25 08:56:43,27.1,93.4,36.6,145.7
610449,2020-02-25 10:02:31,27.8,90.1,39.9,175.89999
615121,2020-02-26 08:39:49,24.6,92.9,48.7,152.7
615122,2020-02-26 08:40:06,24.1,92.8,49.2,168.0
615386,2020-02-26 09:55:23,26.2,93.1,52.6,192.5
615387,2020-02-26 09:55:40,26.2,93.2,56.6,250.10001
615388,2020-02-26 09:55:57,26.1,93.0,52.2,200.60001
615389,2020-02-26 09:56:13,25.4,92.7,48.3,162.39999
615392,2020-02-26 09:57:04,25.9,93.1,56.3,238.3
615393,2020-02-26 09:57:21,26.0,93.3,58.3,243.39999
615429,2020-02-26 10:07:37,26.8,91.8,67.8,361.39999
615430,2020-02-26 10:07:54,27.2,92.0,76.5,447.79999000000004
615431,2020-02-26 10:08:11,27.2,92.0,59.5,282.29999
615432,2020-02-26 10:08:28,26.5,91.7,68.2,357.89999
615433,2020-02-26 10:08:47,26.4,91.6,127.4,812.2000099999999
615434,2020-02-26 10:09:04,26.5,91.6,174.89999,1168.0
615435,2020-02-26 10:09:21,27.1,91.7,223.5,1528.5
615436,2020-02-26 10:09:38,27.1,91.7,261.39999,1749.5999800000002
615437,2020-02-26 10:09:55,26.5,91.4,191.0,1230.0999800000002
615438,2020-02-26 10:10:12,27.3,91.6,144.3,870.7999900000001
615440,2020-02-26 10:11:09,26.7,91.1,63.8,277.0
620074,2020-02-27 08:42:08,25.7,51.5,25.7,141.39999
620075,2020-02-27 08:42:25,25.6,51.4,23.8,116.0
620667,2020-02-27 12:13:24,32.2,38.9,23.0,107.4
623262,2020-02-28 00:47:29,25.4,53.8,26.6,96.0
624900,2020-02-28 08:30:50,23.3,99.9,90.8,531.2000099999999
624901,2020-02-28 08:31:07,23.2,99.9,95.3,584.2999900000001
632724,2020-03-06 08:53:27,26.1,99.9,43.6,261.89999
632725,2020-03-06 08:53:45,25.7,99.9,46.1,302.5
632726,2020-03-06 08:54:01,26.5,99.9,42.3,204.2
632727,2020-03-06 08:54:18,26.3,99.9,42.2,188.0
632885,2020-03-06 09:38:50,28.2,96.6,26.4,102.2
632886,2020-03-06 09:39:10,27.7,96.3,26.9,111.8
633520,2020-03-06 12:38:43,35.5,51.7,12.7,67.4
634171,2020-03-06 15:43:07,32.7,48.6,10.4,46.3
634175,2020-03-06 15:44:14,32.8,49.0,10.3,54.7
634176,2020-03-06 15:44:31,32.6,48.9,10.7,66.0
635035,2020-03-06 20:05:48,28.7,69.0,17.6,74.3
637588,2020-03-07 08:40:05,25.6,99.9,28.1,111.3
637597,2020-03-07 08:42:36,25.2,99.9,29.0,176.39999
637598,2020-03-07 08:42:53,25.6,99.9,29.3,178.8
637599,2020-03-07 08:43:10,25.0,99.9,25.8,108.8
637600,2020-03-07 08:43:27,25.3,99.9,25.5,106.3
637607,2020-03-07 08:45:24,25.1,99.9,31.0,220.0
637608,2020-03-07 08:45:41,25.4,99.9,30.8,232.60001
637609,2020-03-07 08:45:58,25.6,99.9,27.5,164.2
637612,2020-03-07 08:46:48,25.1,99.8,26.8,147.89999
637641,2020-03-07 08:54:57,25.2,97.5,23.7,106.3
637642,2020-03-07 08:55:14,25.5,97.7,36.8,304.0
637643,2020-03-07 08:55:31,25.7,97.7,35.8,296.89999
637645,2020-03-07 08:56:05,26.5,98.2,28.9,198.89999
637646,2020-03-07 08:56:21,25.5,97.8,30.3,214.8
637647,2020-03-07 08:56:38,25.6,97.9,25.8,138.8
637757,2020-03-07 09:27:34,26.4,92.1,19.9,84.3
637769,2020-03-07 09:30:55,26.4,92.2,21.5,106.8
637772,2020-03-07 09:31:46,26.7,92.5,20.1,85.9
637773,2020-03-07 09:32:02,26.3,92.2,27.1,193.8
637774,2020-03-07 09:32:19,27.0,92.4,34.7,291.39999
637775,2020-03-07 09:32:36,26.6,92.9,29.1,205.10001
637776,2020-03-07 09:32:53,26.4,92.7,23.2,114.2
637777,2020-03-07 09:33:09,26.5,92.5,29.8,178.60001
637778,2020-03-07 09:33:26,26.5,92.3,36.0,264.70001
637779,2020-03-07 09:33:43,27.1,92.6,33.7,244.60001
637780,2020-03-07 09:34:00,27.2,93.3,26.3,148.3
637819,2020-03-07 09:44:55,26.6,91.7,27.4,152.7
637820,2020-03-07 09:45:11,26.7,91.8,32.7,213.3
637821,2020-03-07 09:45:28,26.7,91.9,30.9,186.8
637822,2020-03-07 09:45:45,26.7,92.0,36.2,244.60001
637823,2020-03-07 09:46:02,27.3,92.2,30.0,166.3
637834,2020-03-07 09:49:06,27.2,92.7,23.7,101.9
637835,2020-03-07 09:49:23,27.4,92.8,23.4,99.9
637842,2020-03-07 09:51:21,26.7,91.8,26.6,156.7
637843,2020-03-07 09:51:37,27.4,92.0,23.9,122.0
637844,2020-03-07 09:51:54,26.7,91.8,34.9,333.10001
637845,2020-03-07 09:52:11,26.7,91.8,36.1,345.5
637846,2020-03-07 09:52:28,26.6,91.8,47.5,503.29999000000004
637847,2020-03-07 09:52:44,27.3,92.2,49.1,582.5
637848,2020-03-07 09:53:01,27.6,92.3,35.4,332.20001
637849,2020-03-07 09:53:18,27.4,92.5,26.2,151.10001
637851,2020-03-07 09:53:52,26.6,92.0,27.0,179.2
637852,2020-03-07 09:54:08,26.7,92.1,29.4,222.2
637853,2020-03-07 09:54:25,27.1,92.2,28.7,218.0
637854,2020-03-07 09:54:42,27.3,92.4,29.2,220.5
637855,2020-03-07 09:54:59,27.4,92.5,27.5,184.2
637856,2020-03-07 09:55:16,26.7,92.3,25.0,116.4
637857,2020-03-07 09:55:32,27.3,92.5,24.4,110.1
637864,2020-03-07 09:57:30,27.5,92.3,25.1,123.6
637865,2020-03-07 09:57:47,27.5,92.3,28.1,173.0
637866,2020-03-07 09:58:03,27.5,92.4,29.8,188.8
637899,2020-03-07 10:07:20,28.6,91.8,24.4,146.10001
637900,2020-03-07 10:07:37,28.5,91.7,22.9,121.2
638215,2020-03-07 11:36:45,30.6,74.4,18.7,71.6
652257,2020-03-10 06:50:40,23.6,99.9,15.3,84.9
652698,2020-03-10 08:54:45,27.0,99.3,33.5,347.60001
652699,2020-03-10 08:55:02,26.9,99.2,37.6,420.39999000000006
652700,2020-03-10 08:55:18,26.6,99.0,18.9,124.6
654108,2020-03-10 15:27:41,34.2,59.7,22.1,124.6
654109,2020-03-10 15:27:58,34.7,60.2,22.4,132.2
657615,2020-03-11 08:23:24,26.8,99.9,17.1,84.5
657616,2020-03-11 08:23:44,26.8,99.9,23.6,170.60001
657637,2020-03-11 08:31:22,27.4,99.3,20.5,164.0
657638,2020-03-11 08:31:39,27.3,99.0,25.1,232.3
657639,2020-03-11 08:31:59,26.9,98.8,18.3,117.8
657640,2020-03-11 08:32:23,27.1,99.1,17.4,103.7
657641,2020-03-11 08:32:43,27.4,99.1,16.8,84.9
657652,2020-03-11 08:37:51,27.2,97.7,15.6,86.4
657653,2020-03-11 08:38:11,27.7,97.9,16.5,101.8
657655,2020-03-11 08:39:20,27.3,98.3,19.6,150.0
657656,2020-03-11 08:40:03,27.8,98.4,21.3,175.39999
657657,2020-03-11 08:40:20,27.3,97.6,19.8,153.3
657670,2020-03-11 08:48:35,27.6,96.8,14.3,75.3
657838,2020-03-11 09:39:49,27.6,94.5,15.1,89.3
657839,2020-03-11 09:40:08,27.7,94.5,15.3,85.1
657862,2020-03-11 09:47:00,27.7,94.6,15.8,87.9
